Date,Time,ERR,ErrD,TFCK,BFP,RSSI(dB),TRSS(dB),TQly,E2EQ,RxBt(V),MAIN,CLUT,Cels(V),AmbT,CanT,A2(V),EngT,Tst1,Tst2,Tet3,Tet4,Tst5,Tst6,Tst7,Rud,Ele,Thr,Ail,S1,6P,S2,EX1,EX2,EX3,EX4,LS,RS,SA,SB,SC,SD,SE,SF,SG,SH,SI,SJ,LSW,TxBat(V)
2022-06-04,09:56:42.740,0,0,0,0,0,0,0,0,0.0,0,0,0.00,0,0,0.0,0,0,0,0,0,0,0,0,0,-1,-1024,0,-107,-1024,486,-1024,-1024,0,0,1024,1024,-1,-1,-1,-1,-1,-1,1,-1,-1,-1,0x000000000000000C,7.8
2022-06-04,09:56:43.100,0,0,0,0,0,0,0,0,0.0,0,0,0.00,0,0,0.0,0,0,0,0,0,0,0,0,-1,-1,-1024,0,-107,-1024,486,-1024,-1024,0,0,1024,1024,-1,-1,-1,-1,-1,-1,1,-1,-1,-1,0x000000000000000C,7.8
2022-06-04,09:56:43.600,0,0,0,0,0,0,0,0,0.0,0,0,0.00,0,0,0.0,0,0,0,0,0,0,0,0,-1,-1,-1024,0,-108,-1024,486,-1024,-1024,0,0,1024,1024,-1,-1,-1,-1,-1,-1,1,1,-1,-1,0x000000000000004C,7.8
2022-06-04,09:56:44.110,0,0,0,0,0,0,0,0,0.0,0,0,0.00,0,0,0.0,0,0,0,0,0,0,0,0,0,-1,-1024,0,-107,-1024,486,-1024,-1024,0,0,1024,1024,-1,-1,-1,-1,-1,-1,1,1,-1,-1,0x000000000000004C,7.8
2022-06-04,09:56:44.650,0,0,0,0,0,0,0,0,0.0,0,0,0.00,0,0,0.0,0,0,0,0,0,0,0,0,0,-1,-1024,0,-107,-1024,486,-1024,-1024,0,0,1024,1024,-1,-1,-1,-1,-1,-1,1,1,-1,-1,0x000000000000404C,7.8
2022-06-04,09:56:45.160,0,0,0,0,0,0,0,0,0.0,0,0,0.00,0,0,0.0,0,0,0,0,0,0,0,0,-1,-1,-1024,0,-107,-1024,486,-1024,-1024,0,0,1024,1024,-1,-1,-1,-1,-1,-1,1,-1,-1,-1,0x000000000000400C,7.8
2022-06-04,09:56:45.700,0,0,0,0,0,0,0,0,0.0,0,0,0.00,0,0,0.0,0,0,0,0,0,0,0,0,-1,-1,-1024,0,-107,-1024,486,-1024,-1024,0,0,1024,1024,-1,-1,-1,-1,-1,-1,1,1,-1,-1,0x000000000000404C,7.8
2022-06-04,09:56:46.210,0,0,0,0,0,0,0,0,0.0,0,0,0.00,0,0,0.0,0,0,0,0,0,0,0,0,-1,-1,-1024,-1,-107,-1024,486,-1024,-1024,0,0,1024,1024,-1,-1,-1,-1,-1,-1,1,-1,-1,-1,0x000000000000400C,7.8
2022-06-04,09:56:46.750,0,0,0,0,0,0,0,0,0.0,0,0,0.00,0,0,0.0,0,0,0,0,0,0,0,0,0,-1,-1024,0,-107,-1024,486,-1024,-1024,0,0,1024,1024,-1,-1,-1,-1,-1,-1,1,-1,-1,-1,0x000000000000000C,7.8
2022-06-04,09:56:47.260,0,0,0,0,0,0,0,0,0.0,0,0,0.00,0,0,0.0,0,0,0,0,0,0,0,0,0,-1,-1024,0,-107,-1024,486,-1024,-1024,0,0,1024,1024,-1,-1,-1,-1,-1,-1,1,-1,-1,-1,0x000000000000000C,7.8
2022-06-04,09:56:47.800,0,0,0,0,0,0,0,0,0.0,0,0,0.00,0,0,0.0,0,0,0,0,0,0,0,0,0,-1,-1024,0,-107,-1024,486,-1024,-1024,0,0,1024,1024,-1,-1,-1,-1,-1,-1,1,-1,-1,-1,0x000000000000000C,7.8
2022-06-04,09:56:48.310,0,0,0,0,0,0,0,0,0.0,0,0,0.00,0,0,0.0,0,0,0,0,0,0,0,0,0,-1,-1024,0,-107,-1024,486,-1024,-1024,0,0,1024,1024,-1,-1,-1,-1,-1,-1,1,-1,-1,-1,0x000000000000000C,7.8
2022-06-04,09:56:48.850,0,0,0,0,0,0,0,0,0.0,0,0,0.00,0,0,0.0,0,0,0,0,0,0,0,0,0,-1,-1024,0,-107,-1024,486,-1024,-1024,0,0,1024,1024,-1,-1,-1,-1,-1,-1,1,-1,-1,-1,0x000000000000400C,7.8
2022-06-04,09:56:49.360,0,0,0,0,0,0,0,0,0.0,0,0,0.00,0,0,0.0,0,0,0,0,0,0,0,0,0,-1,-1024,0,-107,-1024,486,-1024,-1024,0,0,1024,1024,-1,-1,-1,-1,-1,1,1,-1,-1,-1,0x000000000000404C,7.8
2022-06-04,09:56:49.900,0,0,0,0,0,0,0,0,0.0,0,0,0.00,0,0,0.0,0,0,0,0,0,0,0,0,0,-1,-1024,0,-107,-1024,486,-1024,-1024,0,0,1024,1024,-1,-1,-1,-1,-1,-1,1,-1,-1,-1,0x000000000000400C,7.8
2022-06-04,09:56:50.410,0,0,0,0,0,0,0,0,0.0,0,0,0.00,0,0,0.0,0,0,0,0,0,0,0,0,0,-1,-1024,0,-107,-1024,486,-1024,-1024,0,0,1024,1024,-1,-1,-1,-1,-1,1,1,-1,-1,-1,0x000000000000404C,7.8
2022-06-04,09:56:50.950,0,0,0,0,0,0,0,0,0.0,0,0,0.00,0,0,0.0,0,0,0,0,0,0,0,0,0,-1,-1024,0,-107,-1024,486,-1024,-1024,0,0,1024,1024,-1,-1,-1,-1,-1,-1,1,-1,-1,-1,0x000000000000000C,7.8
2022-06-04,09:56:51.460,0,0,0,0,0,0,0,0,0.0,0,0,0.00,0,0,0.0,0,0,0,0,0,0,0,0,0,-1,-1024,0,-107,-1024,486,-1024,-1024,0,0,1024,1024,-1,-1,-1,-1,-1,-1,1,-1,-1,-1,0x000000000000000C,7.8
2022-06-04,09:56:51.960,0,0,0,0,0,0,0,0,0.0,0,0,0.00,0,0,0.0,0,0,0,0,0,0,0,0,0,-1,-1024,0,-107,-1024,486,-1024,-1024,0,0,1024,1024,-1,-1,-1,-1,-1,-1,1,1,-1,-1,0x000000000000004C,7.8
2022-06-04,09:56:52.510,0,0,0,0,0,0,0,0,0.0,0,0,0.00,0,0,0.0,0,0,0,0,0,0,0,0,0,-1,-1024,0,-107,-1024,486,-1024,-1024,0,0,1024,1024,-1,-1,-1,-1,-1,-1,1,-1,-1,-1,0x000000000000000C,7.8
2022-06-04,09:56:53.010,0,0,0,0,0,0,0,0,0.0,0,0,0.00,0,0,0.0,0,0,0,0,0,0,0,0,0,-1,-1024,0,-107,-1024,486,-1024,-1024,0,0,1024,1024,-1,-1,-1,-1,-1,-1,1,1,-1,-1,0x000000000000404C,7.8
2022-06-04,09:56:53.510,0,0,0,0,0,0,0,0,0.0,0,0,0.00,0,0,0.0,0,0,0,0,0,0,0,0,0,-1,-1024,0,-107,-1024,486,-1024,-1024,0,0,1024,1024,-1,-1,-1,-1,-1,-1,1,1,-1,-1,0x000000000000404C,7.8
2022-06-04,09:56:54.050,0,0,0,0,0,0,0,0,0.0,0,0,0.00,0,0,0.0,0,0,0,0,0,0,0,0,0,-1,-1024,0,-107,-1024,486,-1024,-1024,0,0,1024,1024,-1,-1,-1,-1,-1,-1,1,-1,-1,-1,0x000000000000400C,7.8
2022-06-04,09:56:54.550,0,0,0,0,0,0,0,0,0.0,0,0,0.00,0,0,0.0,0,0,0,0,0,0,0,0,0,-1,-1024,0,-107,-1024,486,-1024,-1024,0,0,1024,1024,-1,-1,-1,-1,-1,-1,1,1,-1,-1,0x000000000000404C,7.8
2022-06-04,09:56:55.050,0,0,0,0,0,0,0,0,0.0,0,0,0.00,0,0,0.0,0,0,0,0,0,0,0,0,0,-1,-1024,0,-107,-1024,486,-1024,-1024,0,0,1024,1024,-1,-1,-1,-1,-1,-1,1,1,-1,-1,0x000000000000004C,7.8
2022-06-04,09:56:55.550,0,0,0,0,0,0,0,0,0.0,0,0,0.00,0,0,0.0,0,0,0,0,0,0,0,0,0,-1,-1024,0,-107,-1024,486,-1024,-1024,0,0,1024,1024,-1,-1,-1,-1,-1,-1,1,-1,-1,-1,0x000000000000000C,7.8
2022-06-04,09:56:56.050,0,0,0,0,0,0,0,0,0.0,0,0,0.00,0,0,0.0,0,0,0,0,0,0,0,0,0,-1,-1024,0,-107,-1024,486,-1024,-1024,0,0,1024,1024,-1,-1,-1,-1,-1,-1,1,-1,-1,-1,0x000000000000000C,7.8
2022-06-04,09:56:56.550,0,0,0,0,0,0,0,0,0.0,0,0,0.00,0,0,0.0,0,0,0,0,0,0,0,0,0,-1,-1024,0,-107,-1024,486,-1024,-1024,0,0,1024,1024,-1,-1,-1,-1,-1,-1,1,-1,-1,-1,0x000000000000000C,7.8
2022-06-04,09:56:57.060,0,0,0,0,0,0,0,0,0.0,0,0,0.00,0,0,0.0,0,0,0,0,0,0,0,0,0,-1,-1024,0,-107,-1024,486,-1024,-1024,0,0,1024,1024,-1,-1,-1,-1,-1,-1,1,-1,-1,-1,0x000000000000400C,7.8
2022-06-04,09:56:57.600,0,0,0,0,0,0,0,0,0.0,0,0,0.00,0,0,0.0,0,0,0,0,0,0,0,0,0,-1,-1024,0,-107,-1024,486,-1024,-1024,0,0,1024,1024,-1,-1,-1,-1,-1,-1,1,-1,-1,-1,0x000000000000400C,7.8
2022-06-04,09:56:58.110,0,0,0,0,0,0,0,0,0.0,0,0,0.00,0,0,0.0,0,0,0,0,0,0,0,0,0,-1,-1024,0,-107,-1024,486,-1024,-1024,0,0,1024,1024,-1,-1,-1,-1,-1,-1,1,-1,-1,-1,0x000000000000400C,7.8
2022-06-04,09:56:58.650,0,0,0,0,0,0,0,0,0.0,0,0,0.00,0,0,0.0,0,0,0,0,0,0,0,0,0,-1,-1024,0,-107,-1024,486,-1024,-1024,0,0,1024,1024,-1,-1,-1,-1,-1,-1,1,-1,-1,-1,0x000000000000000C,7.8
2022-06-04,09:56:59.160,0,0,0,0,0,0,0,0,0.0,0,0,0.00,0,0,0.0,0,0,0,0,0,0,0,0,0,-1,-1024,0,-107,-1024,486,-1024,-1024,0,0,1024,1024,-1,-1,-1,-1,-1,-1,1,-1,-1,-1,0x000000000000000C,7.8
2022-06-04,09:56:59.700,0,0,0,0,0,0,0,0,0.0,0,0,0.00,0,0,0.0,0,0,0,0,0,0,0,0,0,-1,-1024,0,-107,-1024,486,-1024,-1024,0,0,1024,1024,-1,-1,-1,-1,-1,-1,1,-1,-1,-1,0x000000000000000C,7.8
2022-06-04,09:57:00.210,0,0,0,0,0,0,0,0,0.0,0,0,0.00,0,0,0.0,0,0,0,0,0,0,0,0,0,-1,-1024,0,-107,-1024,486,-1024,-1024,0,0,1024,1024,-1,-1,-1,-1,-1,-1,1,-1,-1,-1,0x000000000000000C,7.8
2022-06-04,09:57:00.750,0,0,0,0,0,0,0,0,0.0,0,0,0.00,0,0,0.0,0,0,0,0,0,0,0,0,0,-1,-1024,-1,-107,-1024,486,-1024,-1024,0,0,1024,1024,-1,-1,-1,-1,-1,-1,1,-1,-1,-1,0x000000000000400C,7.8
2022-06-04,09:57:01.260,0,0,0,0,0,0,0,0,0.0,0,0,0.00,0,0,0.0,0,0,0,0,0,0,0,0,0,-1,-1024,0,-107,-1024,486,-1024,-1024,0,0,1024,1024,-1,-1,-1,-1,-1,-1,1,-1,-1,-1,0x000000000000400C,7.8
2022-06-04,09:57:01.800,0,0,0,0,0,0,0,0,0.0,0,0,0.00,0,0,0.0,0,0,0,0,0,0,0,0,0,-1,-1024,0,-107,-1024,486,-1024,-1024,0,0,1024,1024,-1,-1,-1,-1,-1,-1,1,1,-1,-1,0x000000000000404C,7.8
2022-06-04,09:57:02.310,0,0,0,0,0,0,0,0,0.0,0,0,0.00,0,0,0.0,0,0,0,0,0,0,0,0,-1,-1,-1024,0,-107,-1024,486,-1024,-1024,0,0,1024,1024,-1,-1,-1,-1,-1,-1,1,1,-1,-1,0x000000000000404C,7.8
2022-06-04,09:57:02.850,0,0,0,0,0,0,0,0,0.0,0,0,0.00,0,0,0.0,0,0,0,0,0,0,0,0,0,-1,-1024,0,-107,-1024,486,-1024,-1024,0,0,1024,1024,-1,-1,-1,-1,-1,-1,1,-1,-1,-1,0x000000000000000C,7.8
2022-06-04,09:57:03.360,0,0,0,0,0,0,0,0,0.0,0,0,0.00,0,0,0.0,0,0,0,0,0,0,0,0,0,-1,-1024,0,-107,-1024,486,-1024,-1024,0,0,1024,1024,-1,-1,-1,-1,-1,-1,1,-1,-1,-1,0x000000000000000C,7.8
2022-06-04,09:57:03.900,0,0,0,0,0,0,0,0,0.0,0,0,0.00,0,0,0.0,0,0,0,0,0,0,0,0,0,-1,-1024,0,-107,-1024,486,-1024,-1024,0,0,1024,1024,-1,-1,-1,-1,-1,-1,1,-1,-1,-1,0x000000000000000C,7.8
2022-06-04,09:57:04.410,0,0,0,0,0,0,0,0,0.0,0,0,0.00,0,0,0.0,0,0,0,0,0,0,0,0,0,-1,-1024,0,-107,-1024,486,-1024,-1024,0,0,1024,1024,-1,-1,-1,-1,-1,-1,1,-1,-1,-1,0x000000000000000C,7.8
2022-06-04,09:57:04.950,0,0,0,0,0,0,0,0,0.0,0,0,0.00,0,0,0.0,0,0,0,0,0,0,0,0,0,-1,-1024,0,-108,-1024,486,-1024,-1024,0,0,1024,1024,-1,-1,-1,-1,-1,-1,1,-1,-1,-1,0x000000000000400C,7.8
2022-06-04,09:57:05.460,0,0,0,0,0,0,0,0,0.0,0,0,0.00,0,0,0.0,0,0,0,0,0,0,0,0,0,-1,-1024,0,-108,-1024,486,-1024,-1024,0,0,1024,1024,-1,-1,-1,-1,-1,-1,1,-1,-1,-1,0x000000000000400C,7.8
2022-06-04,09:57:06.000,0,0,0,0,0,0,0,0,0.0,0,0,0.00,0,0,0.0,0,0,0,0,0,0,0,0,0,-1,-1024,0,-107,-1024,486,-1024,-1024,0,0,1024,1024,-1,-1,-1,-1,-1,-1,1,-1,-1,-1,0x000000000000400C,7.8
2022-06-04,09:57:06.510,0,0,0,0,0,0,0,0,0.0,0,0,0.00,0,0,0.0,0,0,0,0,0,0,0,0,0,-1,-1024,0,-107,-1024,486,-1024,-1024,0,0,1024,1024,-1,-1,-1,-1,-1,-1,1,-1,-1,-1,0x000000000000400C,7.8
2022-06-04,09:57:07.050,0,0,0,0,0,0,0,0,0.0,0,0,0.00,0,0,0.0,0,0,0,0,0,0,0,0,0,-1,-1024,0,-107,-1024,486,-1024,-1024,0,0,1024,1024,-1,-1,-1,-1,-1,-1,1,-1,-1,-1,0x000000000000000C,7.8
2022-06-04,09:57:07.560,0,0,0,0,0,0,0,0,0.0,0,0,0.00,0,0,0.0,0,0,0,0,0,0,0,0,0,-1,-1024,0,-107,-1024,486,-1024,-1024,0,0,1024,1024,-1,-1,-1,-1,-1,-1,1,-1,-1,-1,0x000000000000000C,7.8
2022-06-04,09:57:08.100,0,0,0,0,0,0,0,0,0.0,0,0,0.00,0,0,0.0,0,0,0,0,0,0,0,0,0,-1,-1024,0,-107,-1024,486,-1024,-1024,0,0,1024,1024,-1,-1,-1,-1,-1,-1,1,-1,-1,-1,0x000000000000000C,7.8
2022-06-04,09:57:08.610,0,0,0,0,0,0,0,0,0.0,0,0,0.00,0,0,0.0,0,0,0,0,0,0,0,0,0,-1,-1024,0,-107,-1024,486,-1024,-1024,0,0,1024,1024,-1,-1,-1,-1,-1,-1,1,-1,-1,-1,0x000000000000000C,7.8
2022-06-04,09:57:09.110,0,0,0,0,0,0,0,0,0.0,0,0,0.00,0,0,0.0,0,0,0,0,0,0,0,0,0,-1,-1024,0,-107,-1024,486,-1024,-1024,0,0,1024,1024,-1,-1,-1,-1,-1,-1,1,-1,-1,-1,0x000000000000400C,7.8
2022-06-04,09:57:09.610,0,0,0,0,0,0,0,0,0.0,0,0,0.00,0,0,0.0,0,0,0,0,0,0,0,0,0,-1,-1024,0,-107,-1024,486,-1024,-1024,0,0,1024,1024,-1,-1,-1,-1,-1,-1,1,-1,-1,-1,0x000000000000400C,7.8
2022-06-04,09:57:10.110,0,0,0,0,0,0,0,0,0.0,0,0,0.00,0,0,0.0,0,0,0,0,0,0,0,0,0,-1,-1024,0,-107,-1024,486,-1024,-1024,0,0,1024,1024,-1,-1,-1,-1,-1,-1,1,-1,-1,-1,0x000000000000400C,7.8
2022-06-04,09:57:10.610,0,0,0,0,0,0,0,0,0.0,0,0,0.00,0,0,0.0,0,0,0,0,0,0,0,0,0,-1,-1024,0,-107,-1024,486,-1024,-1024,0,0,1024,1024,-1,-1,-1,-1,-1,-1,1,-1,-1,-1,0x000000000000400C,7.8
2022-06-04,09:57:11.110,0,0,0,0,0,0,0,0,0.0,0,0,0.00,0,0,0.0,0,0,0,0,0,0,0,0,0,-1,-1024,0,-107,-1024,486,-1024,-1024,0,0,1024,1024,-1,-1,-1,-1,-1,-1,1,-1,-1,-1,0x000000000000000C,7.8
2022-06-04,09:57:11.610,0,0,0,0,0,0,0,0,0.0,0,0,0.00,0,0,0.0,0,0,0,0,0,0,0,0,0,-1,-1024,0,-107,-1024,486,-1024,-1024,0,0,1024,1024,-1,-1,-1,-1,-1,-1,1,-1,-1,-1,0x000000000000000C,7.8
2022-06-04,09:57:12.110,0,0,0,0,0,0,0,0,0.0,0,0,0.00,0,0,0.0,0,0,0,0,0,0,0,0,0,-1,-1024,0,-107,-1024,486,-1024,-1024,0,0,1024,1024,-1,-1,-1,-1,-1,-1,1,-1,-1,-1,0x000000000000000C,7.8
2022-06-04,09:57:12.610,0,0,0,0,0,0,0,0,0.0,0,0,0.00,0,0,0.0,0,0,0,0,0,0,0,0,0,-1,-1024,0,-107,-1024,486,-1024,-1024,0,0,1024,1024,-1,-1,-1,-1,-1,-1,1,-1,-1,-1,0x000000000000000C,7.8
2022-06-04,09:57:13.110,0,0,0,0,0,0,0,0,0.0,0,0,0.00,0,0,0.0,0,0,0,0,0,0,0,0,0,-1,-1024,0,-107,-1024,486,-1024,-1024,0,0,1024,1024,-1,-1,-1,-1,-1,-1,1,-1,-1,-1,0x000000000000400C,7.8
2022-06-04,09:57:13.610,0,0,0,0,0,0,0,0,0.0,0,0,0.00,0,0,0.0,0,0,0,0,0,0,0,0,-1,-1,-1024,0,-107,-1024,486,-1024,-1024,0,0,1024,1024,-1,-1,-1,-1,-1,-1,1,-1,-1,-1,0x000000000000400C,7.8
2022-06-04,09:57:14.110,0,0,0,0,0,0,0,0,0.0,0,0,0.00,0,0,0.0,0,0,0,0,0,0,0,0,0,-1,-1024,0,-107,-1024,486,-1024,-1024,0,0,1024,1024,-1,-1,-1,-1,-1,-1,1,1,-1,-1,0x000000000000404C,7.8
2022-06-04,09:57:14.610,0,0,0,0,0,0,0,0,0.0,0,0,0.00,0,0,0.0,0,0,0,0,0,0,0,0,0,-1,-1024,0,-107,-1024,486,-1024,-1024,0,0,1024,1024,-1,-1,-1,-1,-1,-1,1,1,-1,-1,0x000000000000404C,7.8
2022-06-04,09:57:15.110,0,0,0,0,0,0,0,0,0.0,0,0,0.00,0,0,0.0,0,0,0,0,0,0,0,0,0,-1,-1024,0,-107,-1024,486,-1024,-1024,0,0,1024,1024,-1,-1,-1,-1,-1,-1,1,1,-1,-1,0x000000000000004C,7.8
2022-06-04,09:57:15.610,0,0,0,0,0,0,0,0,0.0,0,0,0.00,0,0,0.0,0,0,0,0,0,0,0,0,0,-1,-1024,0,-107,-1024,486,-1024,-1024,0,0,1024,1024,-1,-1,-1,-1,-1,-1,1,1,-1,-1,0x000000000000004C,7.8
2022-06-04,09:57:16.110,0,0,0,0,0,0,0,0,0.0,0,0,0.00,0,0,0.0,0,0,0,0,0,0,0,0,0,-1,-1024,0,-107,-1024,486,-1024,-1024,0,0,1024,1024,-1,-1,-1,-1,-1,-1,1,-1,-1,-1,0x000000000000000C,7.8
2022-06-04,09:57:16.610,0,0,0,0,0,0,0,0,0.0,0,0,0.00,0,0,0.0,0,0,0,0,0,0,0,0,0,-1,-1024,0,-107,-1024,486,-1024,-1024,0,0,1024,1024,-1,-1,-1,-1,-1,-1,1,-1,-1,-1,0x000000000000000C,7.8
2022-06-04,09:57:17.110,0,0,0,0,0,0,0,0,0.0,0,0,0.00,0,0,0.0,0,0,0,0,0,0,0,0,0,-1,-1024,0,-107,-1024,486,-1024,-1024,0,0,1024,1024,-1,-1,-1,-1,-1,-1,1,-1,-1,-1,0x000000000000400C,7.8
2022-06-04,09:57:17.610,0,0,0,0,0,0,0,0,0.0,0,0,0.00,0,0,0.0,0,0,0,0,0,0,0,0,0,-1,-1024,0,-107,-1024,486,-1024,-1024,0,0,1024,1024,-1,-1,-1,-1,-1,-1,1,-1,-1,-1,0x000000000000400C,7.8
2022-06-04,09:57:18.110,0,0,0,0,0,0,0,0,0.0,0,0,0.00,0,0,0.0,0,0,0,0,0,0,0,0,0,-1,-1024,0,-107,-1024,486,-1024,-1024,0,0,1024,1024,-1,-1,-1,-1,-1,-1,1,-1,-1,-1,0x000000000000400C,7.8
2022-06-04,09:57:18.610,0,0,0,0,0,0,0,0,0.0,0,0,0.00,0,0,0.0,0,0,0,0,0,0,0,0,0,-1,-1024,0,-107,-1024,486,-1024,-1024,0,0,1024,1024,-1,-1,-1,-1,-1,-1,1,-1,-1,-1,0x000000000000400C,7.8
2022-06-04,09:57:19.110,0,0,0,0,0,0,0,0,0.0,0,0,0.00,0,0,0.0,0,0,0,0,0,0,0,0,0,-1,-1024,0,-107,-1024,486,-1024,-1024,0,0,1024,1024,-1,-1,-1,-1,-1,-1,1,-1,-1,-1,0x000000000000000C,7.8
2022-06-04,09:57:19.610,0,0,0,0,0,0,0,0,0.0,0,0,0.00,0,0,0.0,0,0,0,0,0,0,0,0,0,-1,-1024,0,-107,-1024,486,-1024,-1024,0,0,1024,1024,-1,-1,-1,-1,-1,-1,1,-1,-1,-1,0x000000000000000C,7.8
2022-06-04,09:57:20.110,0,0,0,0,0,0,0,0,0.0,0,0,0.00,0,0,0.0,0,0,0,0,0,0,0,0,0,-1,-1024,0,-107,-1024,486,-1024,-1024,0,0,1024,1024,-1,-1,-1,-1,-1,-1,1,-1,-1,-1,0x000000000000000C,7.8
2022-06-04,09:57:20.610,0,0,0,0,0,0,0,0,0.0,0,0,0.00,0,0,0.0,0,0,0,0,0,0,0,0,0,-1,-1024,0,-107,-1024,486,-1024,-1024,0,0,1024,1024,-1,-1,-1,-1,-1,-1,1,-1,-1,-1,0x000000000000000C,7.8
2022-06-04,09:57:21.110,0,0,0,0,0,0,0,0,0.0,0,0,0.00,0,0,0.0,0,0,0,0,0,0,0,0,0,-1,-1024,0,-107,-1024,486,-1024,-1024,0,0,1024,1024,-1,-1,-1,-1,-1,-1,1,-1,-1,-1,0x000000000000400C,7.8
2022-06-04,09:57:21.610,0,0,0,0,0,0,0,0,0.0,0,0,0.00,0,0,0.0,0,0,0,0,0,0,0,0,0,-1,-1024,0,-107,-1024,486,-1024,-1024,0,0,1024,1024,-1,-1,-1,-1,-1,-1,1,-1,-1,-1,0x000000000000400C,7.8
2022-06-04,09:57:22.110,0,0,0,0,0,0,0,0,0.0,0,0,0.00,0,0,0.0,0,0,0,0,0,0,0,0,0,-1,-1024,0,-107,-1024,486,-1024,-1024,0,0,1024,1024,-1,-1,-1,-1,-1,-1,1,-1,-1,-1,0x000000000000400C,7.8
2022-06-04,09:57:22.610,0,0,0,0,0,0,0,0,0.0,0,0,0.00,0,0,0.0,0,0,0,0,0,0,0,0,0,-1,-1024,0,-107,-1024,486,-1024,-1024,0,0,1024,1024,-1,-1,-1,-1,-1,-1,1,-1,-1,-1,0x000000000000400C,7.8
2022-06-04,09:57:23.110,0,0,0,0,0,0,0,0,0.0,0,0,0.00,0,0,0.0,0,0,0,0,0,0,0,0,0,-1,-1024,0,-107,-1024,486,-1024,-1024,0,0,1024,1024,-1,-1,-1,-1,-1,-1,1,-1,-1,-1,0x000000000000000C,7.8
2022-06-04,09:57:23.610,0,0,0,0,0,0,0,0,0.0,0,0,0.00,0,0,0.0,0,0,0,0,0,0,0,0,0,-1,-1024,0,-107,-1024,486,-1024,-1024,0,0,1024,1024,-1,-1,-1,-1,-1,-1,1,-1,-1,-1,0x000000000000000C,7.8
2022-06-04,09:57:24.110,0,0,0,0,0,0,0,0,0.0,0,0,0.00,0,0,0.0,0,0,0,0,0,0,0,0,0,-1,-1024,0,-107,-1024,486,-1024,-1024,0,0,1024,1024,-1,-1,-1,-1,-1,-1,1,-1,-1,-1,0x000000000000000C,7.8
2022-06-04,09:57:24.610,0,0,0,0,0,0,0,0,0.0,0,0,0.00,0,0,0.0,0,0,0,0,0,0,0,0,0,-1,-1024,0,-107,-1024,486,-1024,-1024,0,0,1024,1024,-1,-1,-1,-1,-1,-1,1,-1,-1,-1,0x000000000000000C,7.8
2022-06-04,09:57:25.110,0,0,0,0,0,0,0,0,0.0,0,0,0.00,0,0,0.0,0,0,0,0,0,0,0,0,0,-1,-1024,0,-107,-1024,486,-1024,-1024,0,0,1024,1024,-1,-1,-1,-1,-1,-1,1,-1,-1,-1,0x000000000000400C,7.8
2022-06-04,09:57:25.610,0,0,0,0,0,0,0,0,0.0,0,0,0.00,0,0,0.0,0,0,0,0,0,0,0,0,0,-1,-1024,0,-107,-1024,486,-1024,-1024,0,0,1024,1024,-1,-1,-1,-1,-1,-1,1,-1,-1,-1,0x000000000000400C,7.8
2022-06-04,09:57:26.110,0,0,0,0,0,0,0,0,0.0,0,0,0.00,0,0,0.0,0,0,0,0,0,0,0,0,-1,-1,-1024,0,-107,-1024,486,-1024,-1024,0,0,1024,1024,-1,-1,-1,-1,-1,-1,1,-1,-1,-1,0x000000000000400C,7.8
2022-06-04,09:57:26.610,0,0,0,0,0,0,0,0,0.0,0,0,0.00,0,0,0.0,0,0,0,0,0,0,0,0,0,-1,-1024,0,-108,-1024,486,-1024,-1024,0,0,1024,1024,-1,-1,-1,-1,-1,-1,1,-1,-1,-1,0x000000000000400C,7.8
2022-06-04,09:57:27.110,0,0,0,0,0,0,0,0,0.0,0,0,0.00,0,0,0.0,0,0,0,0,0,0,0,0,-1,-1,-1024,0,-107,-1024,486,-1024,-1024,0,0,1024,1024,-1,-1,-1,-1,-1,-1,1,-1,-1,-1,0x000000000000000C,7.8
2022-06-04,09:57:27.610,0,0,0,0,0,0,0,0,0.0,0,0,0.00,0,0,0.0,0,0,0,0,0,0,0,0,0,-1,-1024,0,-107,-1024,486,-1024,-1024,0,0,1024,1024,-1,-1,-1,-1,-1,-1,1,-1,-1,-1,0x000000000000000C,7.8
2022-06-04,09:57:28.110,0,0,0,0,0,0,0,0,0.0,0,0,0.00,0,0,0.0,0,0,0,0,0,0,0,0,0,-1,-1024,0,-107,-1024,486,-1024,-1024,0,0,1024,1024,-1,-1,-1,-1,-1,-1,1,-1,-1,-1,0x000000000000000C,7.8
2022-06-04,09:57:28.610,0,0,0,0,0,0,0,0,0.0,0,0,0.00,0,0,0.0,0,0,0,0,0,0,0,0,-1,-1,-1024,0,-107,-1024,486,-1024,-1024,0,0,1024,1024,-1,-1,-1,-1,-1,-1,1,-1,-1,-1,0x000000000000000C,7.8
2022-06-04,09:57:29.110,0,0,0,0,0,0,0,0,0.0,0,0,0.00,0,0,0.0,0,0,0,0,0,0,0,0,0,-1,-1024,0,-107,-1024,486,-1024,-1024,0,0,1024,1024,-1,-1,-1,-1,-1,-1,1,-1,-1,-1,0x000000000000400C,7.8
2022-06-04,09:57:29.610,0,0,0,0,0,0,0,0,0.0,0,0,0.00,0,0,0.0,0,0,0,0,0,0,0,0,-1,-1,-1024,0,-107,-1024,486,-1024,-1024,0,0,1024,1024,-1,-1,-1,-1,-1,-1,1,-1,-1,-1,0x000000000000400C,7.8
2022-06-04,09:57:30.110,0,0,0,0,0,0,0,0,0.0,0,0,0.00,0,0,0.0,0,0,0,0,0,0,0,0,0,-1,-1024,0,-108,-1024,486,-1024,-1024,0,0,1024,1024,-1,-1,-1,-1,-1,-1,1,-1,-1,-1,0x000000000000400C,7.8
2022-06-04,09:57:30.610,0,0,0,0,0,0,0,0,0.0,0,0,0.00,0,0,0.0,0,0,0,0,0,0,0,0,0,-1,-1024,0,-107,-1024,486,-1024,-1024,0,0,1024,1024,-1,-1,-1,-1,-1,-1,1,1,-1,-1,0x000000000000404C,7.8
2022-06-04,09:57:31.110,0,0,0,0,0,0,0,0,0.0,0,0,0.00,0,0,0.0,0,0,0,0,0,0,0,0,0,-1,-1024,0,-107,-1024,486,-1024,-1024,0,0,1024,1024,-1,-1,-1,-1,-1,-1,1,-1,-1,-1,0x000000000000000C,7.8
2022-06-04,09:57:31.610,0,0,0,0,0,0,0,0,0.0,0,0,0.00,0,0,0.0,0,0,0,0,0,0,0,0,0,-1,-1024,0,-108,-1024,486,-1024,-1024,0,0,1024,1024,-1,-1,-1,-1,-1,-1,1,-1,-1,-1,0x000000000000000C,7.8
2022-06-04,09:57:32.110,0,0,0,0,0,0,0,0,0.0,0,0,0.00,0,0,0.0,0,0,0,0,0,0,0,0,0,-1,-1024,0,-107,-1024,486,-1024,-1024,0,0,1024,1024,-1,-1,-1,-1,-1,-1,1,-1,-1,-1,0x000000000000000C,7.8
2022-06-04,09:57:32.610,0,0,0,0,0,0,0,0,0.0,0,0,0.00,0,0,0.0,0,0,0,0,0,0,0,0,-1,-1,-1024,0,-107,-1024,486,-1024,-1024,0,0,1024,1024,-1,-1,-1,-1,-1,-1,1,1,-1,-1,0x000000000000004C,7.8
2022-06-04,09:57:33.110,0,0,0,0,0,0,0,0,0.0,0,0,0.00,0,0,0.0,0,0,0,0,0,0,0,0,-1,-1,-1024,0,-107,-1024,486,-1024,-1024,0,0,1024,1024,-1,-1,-1,-1,-1,-1,1,-1,-1,-1,0x000000000000400C,7.8
2022-06-04,09:57:33.610,0,0,0,0,0,0,0,0,0.0,0,0,0.00,0,0,0.0,0,0,0,0,0,0,0,0,0,-1,-1024,0,-107,-1024,486,-1024,-1024,0,0,1024,1024,-1,-1,-1,-1,-1,-1,1,-1,-1,-1,0x000000000000400C,7.8
2022-06-04,09:57:34.110,0,0,0,0,0,0,0,0,0.0,0,0,0.00,0,0,0.0,0,0,0,0,0,0,0,0,0,-1,-1024,0,-107,-1024,486,-1024,-1024,0,0,1024,1024,-1,-1,-1,-1,-1,-1,1,-1,-1,-1,0x000000000000400C,7.8
2022-06-04,09:57:34.610,0,0,0,0,0,0,0,0,0.0,0,0,0.00,0,0,0.0,0,0,0,0,0,0,0,0,0,-1,-1024,0,-107,-1024,486,-1024,-1024,0,0,1024,1024,-1,-1,-1,-1,-1,-1,1,1,-1,-1,0x000000000000404C,7.8
2022-06-04,09:57:35.110,0,0,0,0,0,0,0,0,0.0,0,0,0.00,0,0,0.0,0,0,0,0,0,0,0,0,0,-1,-1024,0,-108,-1024,486,-1024,-1024,0,0,1024,1024,-1,-1,-1,-1,-1,-1,1,1,-1,-1,0x000000000000004C,7.8
2022-06-04,09:57:35.610,0,0,0,0,0,0,0,0,0.0,0,0,0.00,0,0,0.0,0,0,0,0,0,0,0,0,0,-1,-1024,0,-107,-1024,486,-1024,-1024,0,0,1024,1024,-1,-1,-1,-1,-1,-1,1,-1,-1,-1,0x000000000000000C,7.8
2022-06-04,09:57:36.110,0,0,0,0,0,0,0,0,0.0,0,0,0.00,0,0,0.0,0,0,0,0,0,0,0,0,0,-1,-1024,0,-107,-1024,486,-1024,-1024,0,0,1024,1024,-1,-1,-1,-1,-1,-1,1,-1,-1,-1,0x000000000000000C,7.8
2022-06-04,09:57:36.610,0,0,0,0,0,0,0,0,0.0,0,0,0.00,0,0,0.0,0,0,0,0,0,0,0,0,-1,-1,-1024,0,-107,-1024,486,-1024,-1024,0,0,1024,1024,-1,-1,-1,-1,-1,-1,1,1,-1,-1,0x000000000000004C,7.8
2022-06-04,09:57:37.110,0,0,0,0,0,0,0,0,0.0,0,0,0.00,0,0,0.0,0,0,0,0,0,0,0,0,0,-1,-1024,0,-108,-1024,486,-1024,-1024,0,0,1024,1024,-1,-1,-1,-1,-1,-1,1,-1,-1,-1,0x000000000000400C,7.8
2022-06-04,09:57:37.610,0,0,0,0,0,0,0,0,0.0,0,0,0.00,0,0,0.0,0,0,0,0,0,0,0,0,0,-1,-1024,0,-107,-1024,486,-1024,-1024,0,0,1024,1024,-1,-1,-1,-1,-1,-1,1,-1,-1,-1,0x000000000000400C,7.8
2022-06-04,09:57:38.110,0,0,0,0,0,0,0,0,0.0,0,0,0.00,0,0,0.0,0,0,0,0,0,0,0,0,0,-1,-1024,0,-107,-1024,486,-1024,-1024,0,0,1024,1024,-1,-1,-1,-1,-1,-1,1,-1,-1,-1,0x000000000000400C,7.8
2022-06-04,09:57:38.610,0,0,0,0,0,0,0,0,0.0,0,0,0.00,0,0,0.0,0,0,0,0,0,0,0,0,0,-1,-1024,0,-107,-1024,486,-1024,-1024,0,0,1024,1024,-1,-1,-1,-1,-1,-1,1,-1,-1,-1,0x000000000000400C,7.8
2022-06-04,09:57:39.110,0,0,0,0,0,0,0,0,0.0,0,0,0.00,0,0,0.0,0,0,0,0,0,0,0,0,-1,-1,-1024,0,-107,-1024,486,-1024,-1024,0,0,1024,1024,-1,-1,-1,-1,-1,-1,1,-1,-1,-1,0x000000000000000C,7.8
2022-06-04,09:57:39.610,0,0,0,0,0,0,0,0,0.0,0,0,0.00,0,0,0.0,0,0,0,0,0,0,0,0,0,-1,-1024,0,-107,-1024,486,-1024,-1024,0,0,1024,1024,-1,-1,-1,-1,-1,1,1,-1,-1,-1,0x000000000000004C,7.8
2022-06-04,09:57:40.110,0,0,0,0,0,0,0,0,0.0,0,0,0.00,0,0,0.0,0,0,0,0,0,0,0,0,0,-1,-1024,0,-107,-1024,486,-1024,-1024,0,0,1024,1024,-1,-1,-1,-1,-1,1,1,-1,-1,-1,0x000000000000004C,7.8
2022-06-04,09:57:40.610,0,0,0,0,0,0,0,0,0.0,0,0,0.00,0,0,0.0,0,0,0,0,0,0,0,0,0,-1,-1024,0,-107,-1024,486,-1024,-1024,0,0,1024,1024,-1,-1,-1,-1,-1,1,1,-1,-1,-1,0x000000000000004C,7.8
2022-06-04,09:57:41.110,0,0,0,0,0,0,0,0,0.0,0,0,0.00,0,0,0.0,0,0,0,0,0,0,0,0,0,-1,-1024,0,-107,-1024,486,-1024,-1024,0,0,1024,1024,-1,-1,-1,-1,-1,1,1,-1,-1,-1,0x000000000000404C,7.8
2022-06-04,09:57:41.610,0,0,0,0,0,0,0,0,0.0,0,0,0.00,0,0,0.0,0,0,0,0,0,0,0,0,-1,-1,-1024,0,-107,-1024,486,-1024,-1024,0,0,1024,1024,-1,-1,-1,-1,-1,-1,1,-1,-1,-1,0x000000000000400C,7.8
2022-06-04,09:57:42.110,0,0,0,0,0,0,0,0,0.0,0,0,0.00,0,0,0.0,0,0,0,0,0,0,0,0,0,-1,-1024,0,-107,-1024,486,-1024,-1024,0,0,1024,1024,-1,-1,-1,-1,-1,1,1,-1,-1,-1,0x000000000000404C,7.8
2022-06-04,09:57:42.610,0,0,0,0,0,0,0,0,0.0,0,0,0.00,0,0,0.0,0,0,0,0,0,0,0,0,0,-1,-1024,0,-107,-1024,486,-1024,-1024,0,0,1024,1024,-1,-1,-1,-1,-1,1,1,-1,-1,-1,0x000000000000404C,7.8
2022-06-04,09:57:43.110,0,0,0,0,0,0,0,0,0.0,0,0,0.00,0,0,0.0,0,0,0,0,0,0,0,0,0,-1,-1024,0,-107,-1024,486,-1024,-1024,0,0,1024,1024,-1,-1,-1,-1,-1,1,1,-1,-1,-1,0x000000000000004C,7.8
2022-06-04,09:57:43.610,0,0,0,0,0,0,0,0,0.0,0,0,0.00,0,0,0.0,0,0,0,0,0,0,0,0,0,-1,-1024,0,-107,-1024,486,-1024,-1024,0,0,1024,1024,-1,-1,-1,-1,-1,1,1,-1,-1,-1,0x000000000000004C,7.8
2022-06-04,09:57:44.110,0,0,0,0,0,0,0,0,0.0,0,0,0.00,0,0,0.0,0,0,0,0,0,0,0,0,0,-1,-1024,0,-107,-1024,486,-1024,-1024,0,0,1024,1024,-1,-1,-1,-1,-1,1,1,-1,-1,-1,0x000000000000004C,7.8
2022-06-04,09:57:44.610,0,0,0,0,0,0,0,0,0.0,0,0,0.00,0,0,0.0,0,0,0,0,0,0,0,0,0,-1,-1024,0,-107,-1024,486,-1024,-1024,0,0,1024,1024,-1,-1,-1,-1,-1,1,1,-1,-1,-1,0x000000000000004C,7.8
2022-06-04,09:57:45.110,0,0,0,0,0,0,0,0,0.0,0,0,0.00,0,0,0.0,0,0,0,0,0,0,0,0,0,-1,-1024,0,-107,-1024,486,-1024,-1024,0,0,1024,1024,-1,-1,-1,-1,-1,-1,1,-1,-1,-1,0x000000000000400C,7.8
2022-06-04,09:57:45.610,0,0,0,0,0,0,0,0,0.0,0,0,0.00,0,0,0.0,0,0,0,0,0,0,0,0,0,-1,-1024,0,-108,-1024,486,-1024,-1024,0,0,1024,1024,-1,-1,-1,-1,-1,1,1,-1,-1,-1,0x000000000000404C,7.8
2022-06-04,09:57:46.110,0,0,0,0,0,0,0,0,0.0,0,0,0.00,0,0,0.0,0,0,0,0,0,0,0,0,0,-1,-1024,0,-107,-1024,486,-1024,-1024,0,0,1024,1024,-1,-1,-1,-1,-1,1,1,-1,-1,-1,0x000000000000404C,7.8
2022-06-04,09:57:46.610,0,0,0,0,0,0,0,0,0.0,0,0,0.00,0,0,0.0,0,0,0,0,0,0,0,0,0,-1,-1024,0,-108,-1024,486,-1024,-1024,0,0,1024,1024,-1,-1,-1,-1,-1,1,1,-1,-1,-1,0x000000000000404C,7.8
2022-06-04,09:57:47.110,0,0,0,0,0,0,0,0,0.0,0,0,0.00,0,0,0.0,0,0,0,0,0,0,0,0,0,-1,-1024,0,-107,-1024,486,-1024,-1024,0,0,1024,1024,-1,-1,-1,-1,-1,-1,1,-1,-1,-1,0x000000000000000C,7.8
2022-06-04,09:57:47.610,0,0,0,0,0,0,0,0,0.0,0,0,0.00,0,0,0.0,0,0,0,0,0,0,0,0,0,-1,-1024,0,-107,-1024,486,-1024,-1024,0,0,1024,1024,-1,-1,-1,-1,-1,-1,1,-1,-1,-1,0x000000000000000C,7.8
2022-06-04,09:57:48.110,0,0,0,0,0,0,0,0,0.0,0,0,0.00,0,0,0.0,0,0,0,0,0,0,0,0,0,-1,-1024,0,-107,-1024,486,-1024,-1024,0,0,1024,1024,-1,-1,-1,-1,-1,-1,1,-1,-1,-1,0x000000000000000C,7.8
2022-06-04,09:57:48.610,0,0,0,0,0,0,0,0,0.0,0,0,0.00,0,0,0.0,0,0,0,0,0,0,0,0,0,-1,-1024,0,-107,-1024,486,-1024,-1024,0,0,1024,1024,-1,-1,-1,-1,-1,-1,1,-1,-1,-1,0x000000000000000C,7.8
2022-06-04,09:57:49.110,0,0,0,0,0,0,0,0,0.0,0,0,0.00,0,0,0.0,0,0,0,0,0,0,0,0,-1,-1,-1024,0,-107,-1024,486,-1024,-1024,0,0,1024,1024,-1,-1,-1,-1,-1,-1,1,1,-1,-1,0x000000000000404C,7.8
2022-06-04,09:57:49.610,0,0,0,0,0,0,0,0,0.0,0,0,0.00,0,0,0.0,0,0,0,0,0,0,0,0,-1,-1,-1024,0,-107,-1024,486,-1024,-1024,0,0,1024,1024,-1,-1,-1,-1,-1,-1,1,1,-1,-1,0x000000000000404C,7.8
2022-06-04,09:57:50.110,0,0,0,0,0,0,0,0,0.0,0,0,0.00,0,0,0.0,0,0,0,0,0,0,0,0,0,-1,-1024,0,-107,-1024,486,-1024,-1024,0,0,1024,1024,-1,-1,-1,-1,-1,-1,1,-1,-1,-1,0x000000000000400C,7.8
2022-06-04,09:57:50.610,0,0,0,0,0,0,0,0,0.0,0,0,0.00,0,0,0.0,0,0,0,0,0,0,0,0,0,-1,-1024,0,-107,-1024,486,-1024,-1024,0,0,1024,1024,-1,-1,-1,-1,-1,-1,1,-1,-1,-1,0x000000000000400C,7.8
2022-06-04,09:57:51.110,0,0,0,0,0,0,0,0,0.0,0,0,0.00,0,0,0.0,0,0,0,0,0,0,0,0,0,-1,-1024,0,-107,-1024,486,-1024,-1024,0,0,1024,1024,-1,-1,-1,-1,-1,-1,1,-1,-1,-1,0x000000000000000C,7.8
2022-06-04,09:57:51.610,0,0,0,0,0,0,0,0,0.0,0,0,0.00,0,0,0.0,0,0,0,0,0,0,0,0,0,-1,-1024,0,-107,-1024,486,-1024,-1024,0,0,1024,1024,-1,-1,-1,-1,-1,-1,1,-1,-1,-1,0x000000000000000C,7.8
2022-06-04,09:57:52.110,0,0,0,0,0,0,0,0,0.0,0,0,0.00,0,0,0.0,0,0,0,0,0,0,0,0,0,-1,-1024,0,-107,-1024,486,-1024,-1024,0,0,1024,1024,-1,-1,-1,-1,-1,-1,1,-1,-1,-1,0x000000000000000C,7.8
2022-06-04,09:57:52.610,0,0,0,0,0,0,0,0,0.0,0,0,0.00,0,0,0.0,0,0,0,0,0,0,0,0,0,-1,-1024,0,-108,-1024,486,-1024,-1024,0,0,1024,1024,-1,-1,-1,-1,-1,-1,1,-1,-1,-1,0x000000000000000C,7.8
2022-06-04,09:57:53.110,0,0,0,0,0,0,0,0,0.0,0,0,0.00,0,0,0.0,0,0,0,0,0,0,0,0,0,-1,-1024,0,-107,-1024,486,-1024,-1024,0,0,1024,1024,-1,-1,-1,-1,-1,-1,1,-1,-1,-1,0x000000000000400C,7.8
2022-06-04,09:57:53.610,0,0,0,0,0,0,0,0,0.0,0,0,0.00,0,0,0.0,0,0,0,0,0,0,0,0,0,-1,-1024,0,-107,-1024,486,-1024,-1024,0,0,1024,1024,-1,-1,-1,-1,-1,-1,1,-1,-1,-1,0x000000000000400C,7.8
2022-06-04,09:57:54.110,0,0,0,0,0,0,0,0,0.0,0,0,0.00,0,0,0.0,0,0,0,0,0,0,0,0,0,-1,-1024,0,-107,-1024,486,-1024,-1024,0,0,1024,1024,-1,-1,-1,-1,-1,-1,1,-1,-1,-1,0x000000000000400C,7.8
2022-06-04,09:57:54.610,0,0,0,0,0,0,0,0,0.0,0,0,0.00,0,0,0.0,0,0,0,0,0,0,0,0,0,-1,-1024,0,-107,-1024,486,-1024,-1024,0,0,1024,1024,-1,-1,-1,-1,-1,-1,1,-1,-1,-1,0x000000000000400C,7.8
2022-06-04,09:57:55.110,0,0,0,0,0,0,0,0,0.0,0,0,0.00,0,0,0.0,0,0,0,0,0,0,0,0,0,-1,-1024,0,-107,-1024,486,-1024,-1024,0,0,1024,1024,-1,-1,-1,-1,-1,-1,1,-1,-1,-1,0x000000000000000C,7.8
2022-06-04,09:57:55.610,0,0,0,0,0,0,0,0,0.0,0,0,0.00,0,0,0.0,0,0,0,0,0,0,0,0,0,-1,-1024,0,-107,-1024,486,-1024,-1024,0,0,1024,1024,-1,-1,-1,-1,-1,-1,1,1,-1,-1,0x000000000000004C,7.8
2022-06-04,09:57:56.110,0,0,0,0,0,0,0,0,0.0,0,0,0.00,0,0,0.0,0,0,0,0,0,0,0,0,0,-1,-1024,0,-107,-1024,486,-1024,-1024,0,0,1024,1024,-1,-1,-1,-1,-1,-1,1,1,-1,-1,0x000000000000004C,7.8
2022-06-04,09:57:56.610,0,0,0,0,0,0,0,0,0.0,0,0,0.00,0,0,0.0,0,0,0,0,0,0,0,0,-1,-1,-1024,0,-107,-1024,486,-1024,-1024,0,0,1024,1024,-1,-1,-1,-1,-1,-1,1,1,-1,-1,0x000000000000004C,7.8
2022-06-04,09:57:57.110,0,0,0,0,0,0,0,0,0.0,0,0,0.00,0,0,0.0,0,0,0,0,0,0,0,0,-1,-1,-1024,0,-107,-1024,486,-1024,-1024,0,0,1024,1024,-1,-1,-1,-1,-1,-1,1,-1,-1,-1,0x000000000000400C,7.8
2022-06-04,09:57:57.610,0,0,0,0,0,0,0,0,0.0,0,0,0.00,0,0,0.0,0,0,0,0,0,0,0,0,0,-1,-1024,0,-107,-1024,486,-1024,-1024,0,0,1024,1024,-1,-1,-1,-1,-1,-1,1,-1,-1,-1,0x000000000000400C,7.8
2022-06-04,09:57:58.110,0,0,0,0,0,0,0,0,0.0,0,0,0.00,0,0,0.0,0,0,0,0,0,0,0,0,0,-1,-1024,0,-108,-1024,486,-1024,-1024,0,0,1024,1024,-1,-1,-1,-1,-1,-1,1,-1,-1,-1,0x000000000000400C,7.8
2022-06-04,09:57:58.610,0,0,0,0,0,0,0,0,0.0,0,0,0.00,0,0,0.0,0,0,0,0,0,0,0,0,-1,-1,-1024,0,-107,-1024,486,-1024,-1024,0,0,1024,1024,-1,-1,-1,-1,-1,-1,1,-1,-1,-1,0x000000000000400C,7.8
2022-06-04,09:57:59.110,0,0,0,0,0,0,0,0,0.0,0,0,0.00,0,0,0.0,0,0,0,0,0,0,0,0,-1,-1,-1024,0,-108,-1024,486,-1024,-1024,0,0,1024,1024,-1,-1,-1,-1,-1,-1,1,-1,-1,-1,0x000000000000000C,7.8
2022-06-04,09:57:59.610,0,0,0,0,0,0,0,0,0.0,0,0,0.00,0,0,0.0,0,0,0,0,0,0,0,0,0,-1,-1024,0,-107,-1024,486,-1024,-1024,0,0,1024,1024,-1,-1,-1,-1,-1,-1,1,-1,-1,-1,0x000000000000000C,7.8
2022-06-04,09:58:00.110,0,0,0,0,0,0,0,0,0.0,0,0,0.00,0,0,0.0,0,0,0,0,0,0,0,0,0,-1,-1024,0,-107,-1024,486,-1024,-1024,0,0,1024,1024,-1,-1,-1,-1,-1,-1,1,-1,-1,-1,0x000000000000000C,7.8
2022-06-04,09:58:00.610,0,0,0,0,0,0,0,0,0.0,0,0,0.00,0,0,0.0,0,0,0,0,0,0,0,0,-1,-1,-1024,0,-107,-1024,486,-1024,-1024,0,0,1024,1024,-1,-1,-1,-1,-1,-1,1,-1,-1,-1,0x000000000000000C,7.8
2022-06-04,09:58:01.110,0,0,0,0,0,0,0,0,0.0,0,0,0.00,0,0,0.0,0,0,0,0,0,0,0,0,0,-1,-1024,0,-107,-1024,486,-1024,-1024,0,0,1024,1024,-1,-1,-1,-1,-1,-1,1,-1,-1,-1,0x000000000000400C,7.8
2022-06-04,09:58:01.610,0,0,0,0,0,0,0,0,0.0,0,0,0.00,0,0,0.0,0,0,0,0,0,0,0,0,-1,-1,-1024,0,-107,-1024,486,-1024,-1024,0,0,1024,1024,-1,-1,-1,-1,-1,-1,1,-1,-1,-1,0x000000000000400C,7.8
2022-06-04,09:58:02.110,0,0,0,0,0,0,0,0,0.0,0,0,0.00,0,0,0.0,0,0,0,0,0,0,0,0,-1,-1,-1024,0,-107,-1024,486,-1024,-1024,0,0,1024,1024,-1,-1,-1,-1,-1,-1,1,-1,-1,-1,0x000000000000400C,7.8
2022-06-04,09:58:02.610,0,0,0,0,0,0,0,0,0.0,0,0,0.00,0,0,0.0,0,0,0,0,0,0,0,0,0,-1,-1024,0,-107,-1024,486,-1024,-1024,0,0,1024,1024,-1,-1,-1,-1,-1,-1,1,-1,-1,-1,0x000000000000400C,7.8
2022-06-04,09:58:03.110,0,0,0,0,0,0,0,0,0.0,0,0,0.00,0,0,0.0,0,0,0,0,0,0,0,0,0,-1,-1024,0,-107,-1024,486,-1024,-1024,0,0,1024,1024,-1,-1,-1,-1,-1,-1,1,-1,-1,-1,0x000000000000000C,7.8
2022-06-04,09:58:03.610,0,0,0,0,0,0,0,0,0.0,0,0,0.00,0,0,0.0,0,0,0,0,0,0,0,0,-1,-1,-1024,0,-107,-1024,486,-1024,-1024,0,0,1024,1024,-1,-1,-1,-1,-1,-1,1,-1,-1,-1,0x000000000000000C,7.8
2022-06-04,09:58:04.110,0,0,0,0,0,0,0,0,0.0,0,0,0.00,0,0,0.0,0,0,0,0,0,0,0,0,-1,-1,-1024,0,-107,-1024,486,-1024,-1024,0,0,1024,1024,-1,-1,-1,-1,-1,-1,1,-1,-1,-1,0x000000000000000C,7.8
2022-06-04,09:58:04.610,0,0,0,0,0,0,0,0,0.0,0,0,0.00,0,0,0.0,0,0,0,0,0,0,0,0,0,-1,-1024,0,-107,-1024,486,-1024,-1024,0,0,1024,1024,-1,-1,-1,-1,-1,-1,1,-1,-1,-1,0x000000000000000C,7.8
2022-06-04,09:58:05.110,0,0,0,0,0,0,0,0,0.0,0,0,0.00,0,0,0.0,0,0,0,0,0,0,0,0,0,-1,-1024,0,-107,-1024,486,-1024,-1024,0,0,1024,1024,-1,-1,-1,-1,-1,-1,1,-1,-1,-1,0x000000000000400C,7.8
2022-06-04,09:58:05.610,0,0,0,0,0,0,0,0,0.0,0,0,0.00,0,0,0.0,0,0,0,0,0,0,0,0,0,-1,-1024,0,-108,-1024,486,-1024,-1024,0,0,1024,1024,-1,-1,-1,-1,-1,-1,1,-1,-1,-1,0x000000000000400C,7.8
2022-06-04,09:58:06.110,0,0,0,0,0,0,0,0,0.0,0,0,0.00,0,0,0.0,0,0,0,0,0,0,0,0,0,-1,-1024,0,-107,-1024,486,-1024,-1024,0,0,1024,1024,-1,-1,-1,-1,-1,-1,1,-1,-1,-1,0x000000000000400C,7.8
2022-06-04,09:58:06.610,0,0,0,0,0,0,0,0,0.0,0,0,0.00,0,0,0.0,0,0,0,0,0,0,0,0,0,-1,-1024,0,-107,-1024,486,-1024,-1024,0,0,1024,1024,-1,-1,-1,-1,-1,-1,1,-1,-1,-1,0x000000000000400C,7.8
2022-06-04,09:58:07.110,0,0,0,0,0,0,0,0,0.0,0,0,0.00,0,0,0.0,0,0,0,0,0,0,0,0,-1,-1,-1024,0,-107,-1024,486,-1024,-1024,0,0,1024,1024,-1,-1,-1,-1,-1,-1,1,-1,-1,-1,0x000000000000000C,7.8
2022-06-04,09:58:07.610,0,0,0,0,0,0,0,0,0.0,0,0,0.00,0,0,0.0,0,0,0,0,0,0,0,0,-1,-1,-1024,0,-107,-1024,486,-1024,-1024,0,0,1024,1024,-1,-1,-1,-1,-1,-1,1,-1,-1,-1,0x000000000000000C,7.8
2022-06-04,09:58:08.110,0,0,0,0,0,0,0,0,0.0,0,0,0.00,0,0,0.0,0,0,0,0,0,0,0,0,0,-1,-1024,0,-107,-1024,486,-1024,-1024,0,0,1024,1024,-1,-1,-1,-1,-1,-1,1,-1,-1,-1,0x000000000000000C,7.8
2022-06-04,09:58:08.610,0,0,0,0,0,0,0,0,0.0,0,0,0.00,0,0,0.0,0,0,0,0,0,0,0,0,0,-1,-1024,0,-107,-1024,486,-1024,-1024,0,0,1024,1024,-1,-1,-1,-1,-1,-1,1,-1,-1,-1,0x000000000000000C,7.8
2022-06-04,09:58:09.110,0,0,0,0,0,0,0,0,0.0,0,0,0.00,0,0,0.0,0,0,0,0,0,0,0,0,-1,-1,-1024,0,-107,-1024,486,-1024,-1024,0,0,1024,1024,-1,-1,-1,-1,-1,-1,1,-1,-1,-1,0x000000000000400C,7.8
2022-06-04,09:58:09.610,0,0,0,0,0,0,0,0,0.0,0,0,0.00,0,0,0.0,0,0,0,0,0,0,0,0,0,-1,-1024,0,-107,-1024,486,-1024,-1024,0,0,1024,1024,-1,-1,-1,-1,-1,-1,1,-1,-1,-1,0x000000000000400C,7.8
2022-06-04,09:58:10.110,0,0,0,0,0,0,0,0,0.0,0,0,0.00,0,0,0.0,0,0,0,0,0,0,0,0,0,-1,-1024,0,-107,-1024,486,-1024,-1024,0,0,1024,1024,-1,-1,-1,-1,-1,-1,1,-1,-1,-1,0x000000000000400C,7.8
2022-06-04,09:58:10.610,0,0,0,0,0,0,0,0,0.0,0,0,0.00,0,0,0.0,0,0,0,0,0,0,0,0,0,-1,-1024,0,-107,-1024,486,-1024,-1024,0,0,1024,1024,-1,-1,-1,-1,-1,-1,1,-1,-1,-1,0x000000000000400C,7.8
2022-06-04,09:58:11.110,0,0,0,0,0,0,0,0,0.0,0,0,0.00,0,0,0.0,0,0,0,0,0,0,0,0,0,-1,-1024,0,-107,-1024,486,-1024,-1024,0,0,1024,1024,-1,-1,-1,-1,-1,-1,1,-1,-1,-1,0x000000000000000C,7.8
2022-06-04,09:58:11.610,0,0,0,0,0,0,0,0,0.0,0,0,0.00,0,0,0.0,0,0,0,0,0,0,0,0,0,-1,-1024,0,-107,-1024,486,-1024,-1024,0,0,1024,1024,-1,-1,-1,-1,-1,-1,1,-1,-1,-1,0x000000000000000C,7.8
2022-06-04,09:58:12.110,0,0,0,0,0,0,0,0,0.0,0,0,0.00,0,0,0.0,0,0,0,0,0,0,0,0,-1,-1,-1024,0,-108,-1024,486,-1024,-1024,0,0,1024,1024,-1,-1,-1,-1,-1,-1,1,-1,-1,-1,0x000000000000000C,7.8
2022-06-04,09:58:12.610,0,0,0,0,0,0,0,0,0.0,0,0,0.00,0,0,0.0,0,0,0,0,0,0,0,0,-1,-1,-1024,0,-107,-1024,486,-1024,-1024,0,0,1024,1024,-1,-1,-1,-1,-1,-1,1,-1,-1,-1,0x000000000000000C,7.8
2022-06-04,09:58:13.110,0,0,0,0,0,0,0,0,0.0,0,0,0.00,0,0,0.0,0,0,0,0,0,0,0,0,0,-1,-1024,0,-108,-1024,486,-1024,-1024,0,0,1024,1024,-1,-1,-1,-1,-1,-1,1,-1,-1,-1,0x000000000000400C,7.8
2022-06-04,09:58:13.610,0,0,0,0,0,0,0,0,0.0,0,0,0.00,0,0,0.0,0,0,0,0,0,0,0,0,0,-1,-1024,0,-107,-1024,486,-1024,-1024,0,0,1024,1024,-1,-1,-1,-1,-1,-1,1,-1,-1,-1,0x000000000000400C,7.8
2022-06-04,09:58:14.110,0,0,0,0,0,0,0,0,0.0,0,0,0.00,0,0,0.0,0,0,0,0,0,0,0,0,0,-1,-1024,0,-107,-1024,486,-1024,-1024,0,0,1024,1024,-1,-1,-1,-1,-1,-1,1,-1,-1,-1,0x000000000000400C,7.8
2022-06-04,09:58:14.610,0,0,0,0,0,0,0,0,0.0,0,0,0.00,0,0,0.0,0,0,0,0,0,0,0,0,-1,-1,-1024,0,-107,-1024,486,-1024,-1024,0,0,1024,1024,-1,-1,-1,-1,-1,-1,1,-1,-1,-1,0x000000000000400C,7.8
2022-06-04,09:58:15.110,0,0,0,0,0,0,0,0,0.0,0,0,0.00,0,0,0.0,0,0,0,0,0,0,0,0,0,-1,-1024,0,-107,-1024,486,-1024,-1024,0,0,1024,1024,-1,-1,-1,-1,-1,-1,1,-1,-1,-1,0x000000000000000C,7.8
2022-06-04,09:58:15.610,0,0,0,0,0,0,0,0,0.0,0,0,0.00,0,0,0.0,0,0,0,0,0,0,0,0,0,-1,-1024,0,-107,-1024,486,-1024,-1024,0,0,1024,1024,-1,-1,-1,-1,-1,-1,1,-1,-1,-1,0x000000000000000C,7.8
2022-06-04,09:58:16.110,0,0,0,0,0,0,0,0,0.0,0,0,0.00,0,0,0.0,0,0,0,0,0,0,0,0,0,-1,-1024,0,-107,-1024,486,-1024,-1024,0,0,1024,1024,-1,-1,-1,-1,-1,-1,1,-1,-1,-1,0x000000000000000C,7.8
2022-06-04,09:58:16.610,0,0,0,0,0,0,0,0,0.0,0,0,0.00,0,0,0.0,0,0,0,0,0,0,0,0,-1,-1,-1024,0,-107,-1024,486,-1024,-1024,0,0,1024,1024,-1,-1,-1,-1,-1,-1,1,-1,-1,-1,0x000000000000000C,7.8
2022-06-04,09:58:17.110,0,0,0,0,0,0,0,0,0.0,0,0,0.00,0,0,0.0,0,0,0,0,0,0,0,0,0,-1,-1024,0,-107,-1024,486,-1024,-1024,0,0,1024,1024,-1,-1,-1,-1,-1,-1,1,-1,-1,-1,0x000000000000400C,7.8
2022-06-04,09:58:17.610,0,0,0,0,0,0,0,0,0.0,0,0,0.00,0,0,0.0,0,0,0,0,0,0,0,0,0,-1,-1024,0,-107,-1024,486,-1024,-1024,0,0,1024,1024,-1,-1,-1,-1,-1,-1,1,-1,-1,-1,0x000000000000400C,7.8
2022-06-04,09:58:18.110,0,0,0,0,0,0,0,0,0.0,0,0,0.00,0,0,0.0,0,0,0,0,0,0,0,0,0,-1,-1024,0,-107,-1024,486,-1024,-1024,0,0,1024,1024,-1,-1,-1,-1,-1,-1,1,-1,-1,-1,0x000000000000400C,7.8
2022-06-04,09:58:18.610,0,0,0,0,0,0,0,0,0.0,0,0,0.00,0,0,0.0,0,0,0,0,0,0,0,0,0,-1,-1024,0,-107,-1024,486,-1024,-1024,0,0,1024,1024,-1,-1,-1,-1,-1,-1,1,-1,-1,-1,0x000000000000400C,7.8
2022-06-04,09:58:19.110,0,0,0,0,0,0,0,0,0.0,0,0,0.00,0,0,0.0,0,0,0,0,0,0,0,0,0,-1,-1024,0,-107,-1024,486,-1024,-1024,0,0,1024,1024,-1,-1,-1,-1,-1,-1,1,-1,-1,-1,0x000000000000000C,7.8
2022-06-04,09:58:19.610,0,0,0,0,0,0,0,0,0.0,0,0,0.00,0,0,0.0,0,0,0,0,0,0,0,0,0,-1,-1024,0,-107,-1024,486,-1024,-1024,0,0,1024,1024,-1,-1,-1,-1,-1,-1,1,-1,-1,-1,0x000000000000000C,7.8
2022-06-04,09:58:20.110,0,0,0,0,0,0,0,0,0.0,0,0,0.00,0,0,0.0,0,0,0,0,0,0,0,0,0,-1,-1024,0,-107,-1024,486,-1024,-1024,0,0,1024,1024,-1,-1,-1,-1,-1,-1,1,-1,-1,-1,0x000000000000000C,7.8
2022-06-04,09:58:20.610,0,0,0,0,0,0,0,0,0.0,0,0,0.00,0,0,0.0,0,0,0,0,0,0,0,0,0,-1,-1024,0,-107,-1024,486,-1024,-1024,0,0,1024,1024,-1,-1,-1,-1,-1,-1,1,-1,-1,-1,0x000000000000000C,7.8
2022-06-04,09:58:21.110,0,0,0,0,0,0,0,0,0.0,0,0,0.00,0,0,0.0,0,0,0,0,0,0,0,0,0,0,-1024,0,-107,-1024,486,-1024,-1024,0,0,1024,1024,-1,-1,-1,-1,-1,-1,1,-1,-1,-1,0x000000000000400C,7.8
2022-06-04,09:58:21.620,0,0,0,0,0,0,0,0,0.0,0,0,0.00,0,0,0.0,0,0,0,0,0,0,0,0,0,-1,-1024,0,-107,-1024,486,-1024,-1024,0,0,1024,1024,-1,-1,-1,-1,-1,-1,1,-1,-1,-1,0x000000000000400C,7.8
2022-06-04,09:58:22.120,0,0,0,0,0,0,0,0,0.0,0,0,0.00,0,0,0.0,0,0,0,0,0,0,0,0,1,0,-1024,-1,-107,-1024,486,-1024,-1024,0,0,1024,1024,-1,-1,-1,-1,-1,-1,1,-1,-1,-1,0x000000000000400C,7.8
2022-06-04,09:58:22.620,0,0,0,0,0,0,0,0,0.0,0,0,0.00,0,0,0.0,0,0,0,0,0,0,0,0,0,-1,-1024,0,-107,-1024,486,-1024,-1024,0,0,1024,1024,-1,-1,-1,-1,-1,-1,1,-1,-1,-1,0x000000000000400C,7.8
2022-06-04,09:58:23.120,0,0,0,0,0,0,0,0,0.0,0,0,0.00,0,0,0.0,0,0,0,0,0,0,0,0,0,-1,-1024,0,-107,-1024,486,-1024,-1024,0,0,1024,1024,-1,-1,-1,-1,-1,-1,1,-1,-1,-1,0x000000000000000C,7.8
2022-06-04,09:58:23.620,0,0,0,0,0,0,0,0,0.0,0,0,0.00,0,0,0.0,0,0,0,0,0,0,0,0,1,-1,-1024,-1,-107,-1024,486,-1024,-1024,0,0,1024,1024,-1,-1,-1,-1,-1,-1,1,-1,-1,-1,0x000000000000000C,7.8
2022-06-04,09:58:24.120,0,0,0,0,0,0,0,0,0.0,0,0,0.00,0,0,0.0,0,0,0,0,0,0,0,0,0,-1,-1024,0,-107,-1024,486,-1024,-1024,0,0,1024,1024,-1,-1,-1,-1,-1,-1,1,-1,-1,-1,0x000000000000000C,7.8
2022-06-04,09:58:24.620,0,0,0,0,0,0,0,0,0.0,0,0,0.00,0,0,0.0,0,0,0,0,0,0,0,0,0,-1,-1024,0,-107,-1024,486,-1024,-1024,0,0,1024,1024,-1,-1,-1,-1,-1,-1,1,-1,-1,-1,0x000000000000000C,7.8
2022-06-04,09:58:25.120,0,0,0,0,0,0,0,0,0.0,0,0,0.00,0,0,0.0,0,0,0,0,0,0,0,0,0,-1,-1024,0,-107,-1024,486,-1024,-1024,0,0,1024,1024,-1,-1,-1,-1,-1,-1,1,-1,-1,-1,0x000000000000400C,7.8
2022-06-04,09:58:25.620,0,0,0,0,0,0,0,0,0.0,0,0,0.00,0,0,0.0,0,0,0,0,0,0,0,0,0,-1,-1024,-1,-107,-1024,486,-1024,-1024,0,0,1024,1024,-1,-1,-1,-1,-1,-1,1,-1,-1,-1,0x000000000000400C,7.8
2022-06-04,09:58:26.120,0,0,0,0,0,0,0,0,0.0,0,0,0.00,0,0,0.0,0,0,0,0,0,0,0,0,0,-1,-1024,0,-107,-1024,486,-1024,-1024,0,0,1024,1024,-1,-1,-1,-1,-1,-1,1,-1,-1,-1,0x000000000000400C,7.8
2022-06-04,09:58:26.620,0,0,0,0,0,0,0,0,0.0,0,0,0.00,0,0,0.0,0,0,0,0,0,0,0,0,0,-1,-1024,0,-107,-1024,486,-1024,-1024,0,0,1024,1024,-1,-1,-1,-1,-1,-1,1,-1,-1,-1,0x000000000000400C,7.8
2022-06-04,09:58:27.120,0,0,0,0,0,0,0,0,0.0,0,0,0.00,0,0,0.0,0,0,0,0,0,0,0,0,0,-1,-1024,-1,-107,-1024,486,-1024,-1024,0,0,1024,1024,-1,-1,-1,-1,-1,-1,1,-1,-1,-1,0x000000000000000C,7.8
2022-06-04,09:58:27.620,0,0,0,0,0,0,0,0,0.0,0,0,0.00,0,0,0.0,0,0,0,0,0,0,0,0,0,0,-1024,0,-107,-1024,486,-1024,-1024,0,0,1024,1024,-1,-1,-1,-1,-1,-1,1,-1,-1,-1,0x000000000000000C,7.8
2022-06-04,09:58:28.120,0,0,0,0,0,0,0,0,0.0,0,0,0.00,0,0,0.0,0,0,0,0,0,0,0,0,0,-1,-1024,0,-107,-1024,486,-1024,-1024,0,0,1024,1024,-1,-1,-1,-1,-1,-1,1,-1,-1,-1,0x000000000000000C,7.8
2022-06-04,09:58:28.620,0,0,0,0,0,0,0,0,0.0,0,0,0.00,0,0,0.0,0,0,0,0,0,0,0,0,0,-1,-1024,-1,-107,-1024,486,-1024,-1024,0,0,1024,1024,-1,-1,-1,-1,-1,-1,1,-1,-1,-1,0x000000000000000C,7.8
2022-06-04,09:58:29.120,0,0,0,0,0,0,0,0,0.0,0,0,0.00,0,0,0.0,0,0,0,0,0,0,0,0,0,0,-1024,0,-107,-1024,486,-1024,-1024,0,0,1024,1024,-1,-1,-1,-1,-1,-1,1,-1,-1,-1,0x000000000000400C,7.8
2022-06-04,09:58:29.620,0,0,0,0,0,0,0,0,0.0,0,0,0.00,0,0,0.0,0,0,0,0,0,0,0,0,0,-1,-1024,0,-107,-1024,487,-1024,-1024,0,0,1024,1024,-1,-1,-1,-1,-1,-1,1,-1,-1,-1,0x000000000000400C,7.8
2022-06-04,09:58:30.120,0,0,0,0,0,0,0,0,0.0,0,0,0.00,0,0,0.0,0,0,0,0,0,0,0,0,0,0,-1024,0,-107,-1024,486,-1024,-1024,0,0,1024,1024,-1,-1,-1,-1,-1,-1,1,-1,-1,-1,0x000000000000400C,7.8
2022-06-04,09:58:30.620,0,0,0,0,0,0,0,0,0.0,0,0,0.00,0,0,0.0,0,0,0,0,0,0,0,0,0,-1,-1024,0,-107,-1024,486,-1024,-1024,0,0,1024,1024,-1,-1,-1,-1,-1,-1,1,-1,-1,-1,0x000000000000400C,7.8
2022-06-04,09:58:31.120,0,0,0,0,0,0,0,0,0.0,0,0,0.00,0,0,0.0,0,0,0,0,0,0,0,0,1,0,-1024,-1,-107,-1024,486,-1024,-1024,0,0,1024,1024,-1,-1,-1,-1,-1,-1,1,-1,-1,-1,0x000000000000000C,7.8
2022-06-04,09:58:31.620,0,0,0,0,0,0,0,0,0.0,0,0,0.00,0,0,0.0,0,0,0,0,0,0,0,0,0,-1,-1024,0,-107,-1024,486,-1024,-1024,0,0,1024,1024,-1,-1,-1,-1,-1,-1,1,-1,-1,-1,0x000000000000000C,7.8
2022-06-04,09:58:32.120,0,0,0,0,0,0,0,0,0.0,0,0,0.00,0,0,0.0,0,0,0,0,0,0,0,0,0,-1,-1024,0,-107,-1024,486,-1024,-1024,0,0,1024,1024,-1,-1,-1,-1,-1,-1,1,-1,-1,-1,0x000000000000000C,7.8
2022-06-04,09:58:32.620,0,0,0,0,0,0,0,0,0.0,0,0,0.00,0,0,0.0,0,0,0,0,0,0,0,0,0,-1,-1024,0,-107,-1024,486,-1024,-1024,0,0,1024,1024,-1,-1,-1,-1,-1,-1,1,-1,-1,-1,0x000000000000000C,7.8
2022-06-04,09:58:33.120,0,0,0,0,0,0,0,0,0.0,0,0,0.00,0,0,0.0,0,0,0,0,0,0,0,0,0,-1,-1024,0,-107,-1024,486,-1024,-1024,0,0,1024,1024,-1,-1,-1,-1,-1,-1,1,-1,-1,-1,0x000000000000400C,7.8
2022-06-04,09:58:33.620,0,0,0,0,0,0,0,0,0.0,0,0,0.00,0,0,0.0,0,0,0,0,0,0,0,0,0,-1,-1024,-1,-107,-1024,486,-1024,-1024,0,0,1024,1024,-1,-1,-1,-1,-1,-1,1,-1,-1,-1,0x000000000000400C,7.8
2022-06-04,09:58:34.120,0,0,0,0,0,0,0,0,0.0,0,0,0.00,0,0,0.0,0,0,0,0,0,0,0,0,0,-1,-1024,0,-107,-1024,486,-1024,-1024,0,0,1024,1024,-1,-1,-1,-1,-1,-1,1,-1,-1,-1,0x000000000000400C,7.8
2022-06-04,09:58:34.620,0,0,0,0,0,0,0,0,0.0,0,0,0.00,0,0,0.0,0,0,0,0,0,0,0,0,0,-1,-1024,0,-107,-1024,486,-1024,-1024,0,0,1024,1024,-1,-1,-1,-1,-1,-1,1,-1,-1,-1,0x000000000000400C,7.8
2022-06-04,09:58:35.120,0,0,0,0,0,0,0,0,0.0,0,0,0.00,0,0,0.0,0,0,0,0,0,0,0,0,0,-1,-1024,0,-107,-1024,486,-1024,-1024,0,0,1024,1024,-1,-1,-1,-1,-1,-1,1,-1,-1,-1,0x000000000000000C,7.8
2022-06-04,09:58:35.620,0,0,0,0,0,0,0,0,0.0,0,0,0.00,0,0,0.0,0,0,0,0,0,0,0,0,0,-1,-1024,0,-107,-1024,486,-1024,-1024,0,0,1024,1024,-1,-1,-1,-1,0,-1,1,-1,-1,-1,0x0000000000000014,7.8
2022-06-04,09:58:36.120,0,0,0,0,0,0,0,0,0.0,0,0,0.00,0,0,0.0,0,0,0,0,0,0,0,0,0,0,-1024,0,-107,-1024,486,-1024,-1024,0,0,1024,1024,-1,-1,-1,-1,1,-1,1,-1,-1,-1,0x0000000000000024,7.8
2022-06-04,09:58:36.620,0,0,0,0,0,0,0,0,0.0,0,0,0.00,0,0,0.0,0,0,0,0,0,0,0,0,0,-1,-1024,0,-107,-1024,486,-1024,-1024,0,0,1024,1024,-1,-1,-1,-1,1,-1,1,-1,-1,-1,0x0000000000000024,7.8
2022-06-04,09:58:37.120,0,0,0,0,0,0,0,0,0.0,0,0,0.00,0,0,0.0,0,0,0,0,0,0,0,0,0,-1,-1024,-1,-107,-1024,486,-1024,-1024,0,0,1024,1024,-1,-1,-1,-1,1,-1,1,-1,-1,-1,0x0000000000004024,7.8
2022-06-04,09:58:37.620,0,0,0,0,0,0,0,0,0.0,0,0,0.00,0,0,0.0,0,0,0,0,0,0,0,0,0,-1,-1024,0,-107,-1024,486,-1024,-1024,0,0,1024,1024,-1,-1,-1,-1,0,-1,1,-1,-1,-1,0x0000000000004014,7.8
2022-06-04,09:58:38.120,0,0,0,0,0,0,0,0,0.0,0,0,0.00,0,0,0.0,0,0,0,0,0,0,0,0,0,-1,-1024,0,-107,-1024,486,-1024,-1024,0,0,1024,1024,-1,-1,-1,-1,-1,-1,1,-1,-1,-1,0x000000000000400C,7.8
2022-06-04,09:58:38.620,0,0,0,0,0,0,0,0,0.0,0,0,0.00,0,0,0.0,0,0,0,0,0,0,0,0,0,-1,-1024,0,-107,-1024,486,-1024,-1024,0,0,1024,1024,-1,-1,-1,-1,-1,-1,1,-1,-1,-1,0x000000000000400C,7.8
2022-06-04,09:58:39.120,0,0,0,0,0,0,0,0,0.0,0,0,0.00,0,0,0.0,0,0,0,0,0,0,0,0,0,-1,-1024,0,-107,-1024,486,-1024,-1024,0,0,1024,1024,-1,-1,-1,-1,-1,-1,1,-1,-1,-1,0x000000000000000C,7.8
2022-06-04,09:58:39.620,0,0,0,0,0,0,0,0,0.0,0,0,0.00,0,0,0.0,0,0,0,0,0,0,0,0,0,-1,-1024,0,-107,-1024,486,-1024,-1024,0,0,1024,1024,-1,-1,-1,-1,0,-1,1,-1,-1,-1,0x0000000000000014,7.8
2022-06-04,09:58:40.120,0,0,0,0,0,0,0,0,0.0,0,0,0.00,0,0,0.0,0,0,0,0,0,0,0,0,0,-1,-1024,0,-107,-1024,486,-1024,-1024,0,0,1024,1024,-1,-1,-1,-1,0,-1,1,-1,-1,-1,0x0000000000000014,7.8
