Date,Time,ERR,ErrD,InFlight,MAIN,CLUT,TFCK,LFP,E2EQ,BFP,MCHM,16FS,SBLO,SBHI,Wav1,Wav2,RecV,BecV,BecA,BecT,CELS,BatA,BmAH,BatV,Cel1,Cel2,TeeV,AmbT,CanT,EngT
1970-01-01,00:00:03.3721,ERR,ErrD,0,0,0,0,0,0,0,0,0.00,0,0,0,0,0.00,0.00,0.85,18.16,6.54,1.12,0.47,6.55,3.26,3.28,5.26,66.78,18.25,17.78
1970-01-01,00:00:03.3921,ERR,ErrD,0,0,0,0,0,0,0,0,0.00,0,0,0,0,0.00,0.00,0.85,18.18,6.54,1.12,0.47,6.54,3.26,3.28,5.26,70.51,18.15,17.65
1970-01-01,00:00:04.4121,ERR,ErrD,0,0,0,0,0,0,0,0,0.00,0,0,0,0,0.00,0.00,0.85,18.23,6.54,1.13,0.62,6.56,3.26,3.28,5.26,72.85,18.21,17.60
1970-01-01,00:00:04.4321,ERR,ErrD,0,0,0,0,0,0,0,0,0.00,0,0,0,0,0.00,0.00,0.85,18.14,6.54,1.13,0.62,6.56,3.26,3.28,5.26,68.64,18.30,17.69
1970-01-01,00:00:04.4521,ERR,ErrD,0,0,0,0,0,0,0,0,0.00,0,0,0,0,0.00,0.00,0.85,18.29,6.54,1.13,0.62,6.55,3.26,3.28,5.27,73.19,18.26,17.71
1970-01-01,00:00:04.4721,ERR,ErrD,0,0,0,0,0,0,0,0,0.00,0,0,0,0,0.00,0.00,0.85,18.16,6.54,1.10,0.78,6.56,3.26,3.28,5.26,69.06,18.08,17.82
1970-01-01,00:00:04.4921,ERR,ErrD,0,0,0,0,0,0,0,0,0.00,0,0,0,0,0.00,0.00,0.85,18.18,6.54,1.10,0.78,6.54,3.26,3.28,5.26,69.86,18.22,17.72
1970-01-01,00:00:05.5121,ERR,ErrD,0,0,0,0,0,0,0,0,0.00,0,0,0,0,0.00,0.00,0.85,18.17,6.54,1.12,0.93,6.54,3.26,3.28,5.26,72.72,18.13,17.80
1970-01-01,00:00:05.5321,ERR,ErrD,0,0,0,0,0,0,0,0,0.00,0,0,0,0,0.00,0.00,0.85,18.24,6.54,1.12,0.93,6.55,3.26,3.28,5.26,67.20,18.18,17.72
1970-01-01,00:00:05.5521,ERR,ErrD,0,0,0,0,0,0,0,0,0.00,0,0,0,0,0.00,0.00,0.85,18.26,6.54,1.12,0.93,6.54,3.26,3.28,5.26,74.48,18.17,17.72
1970-01-01,00:00:05.5721,ERR,ErrD,0,0,0,0,0,0,0,0,0.00,0,0,0,0,0.00,0.00,0.85,18.32,6.54,1.12,1.09,6.56,3.26,3.28,5.27,73.03,18.15,17.76
1970-01-01,00:00:05.5921,ERR,ErrD,0,0,0,0,0,0,0,0,0.00,0,0,0,0,0.00,0.00,0.85,18.27,6.54,1.12,1.09,6.53,3.26,3.28,5.26,70.68,18.20,17.61
1970-01-01,00:00:06.6121,ERR,ErrD,0,0,0,0,0,0,0,0,0.00,0,0,0,0,0.00,0.00,0.86,18.25,6.54,1.13,1.25,6.54,3.26,3.28,5.26,69.06,18.15,17.74
1970-01-01,00:00:06.6321,ERR,ErrD,0,0,0,0,0,0,0,0,0.00,0,0,0,0,0.00,0.00,0.86,18.18,6.54,1.13,1.25,6.54,3.26,3.28,5.26,70.23,18.13,17.73
1970-01-01,00:00:06.6521,ERR,ErrD,0,0,0,0,0,0,0,0,0.00,0,0,0,0,0.00,0.00,0.86,18.26,6.54,1.13,1.25,6.53,3.26,3.28,5.27,73.66,18.16,17.73
1970-01-01,00:00:06.6721,ERR,ErrD,0,0,0,0,0,0,0,0,0.00,0,0,0,0,0.00,0.00,0.85,18.25,6.54,1.11,1.40,6.54,3.26,3.28,5.26,70.17,18.23,17.72
1970-01-01,00:00:06.6921,ERR,ErrD,0,0,0,0,0,0,0,0,0.00,0,0,0,0,0.00,0.00,0.85,18.24,6.54,1.11,1.40,6.54,3.26,3.28,5.26,71.06,18.04,17.68
1970-01-01,00:00:07.7121,ERR,ErrD,0,0,0,0,0,0,0,0,0.00,0,0,0,0,0.00,0.00,0.85,18.27,6.54,1.14,1.56,6.54,3.26,3.28,5.26,67.90,18.20,17.70
1970-01-01,00:00:07.7321,ERR,ErrD,0,0,0,0,0,0,0,0,0.00,0,0,0,0,0.00,0.00,0.85,18.27,6.54,1.14,1.56,6.55,3.25,3.29,5.26,72.50,18.22,17.74
1970-01-01,00:00:07.7521,ERR,ErrD,0,0,0,0,0,0,0,0,0.00,0,0,0,0,0.00,0.00,0.85,18.21,6.54,1.14,1.56,6.53,3.25,3.29,5.26,69.27,18.23,17.77
1970-01-01,00:00:07.7721,ERR,ErrD,0,0,0,0,0,0,0,0,0.00,0,0,0,0,0.00,0.00,0.85,18.27,6.54,1.12,1.71,6.54,3.25,3.29,5.26,67.06,18.21,17.71
1970-01-01,00:00:07.7921,ERR,ErrD,0,0,0,0,0,0,0,0,0.00,0,0,0,0,0.00,0.00,0.85,18.25,6.53,1.12,1.71,6.55,3.26,3.27,5.26,70.75,18.19,17.70
1970-01-01,00:00:08.8121,ERR,ErrD,0,0,0,0,0,0,0,0,0.00,0,0,0,0,0.00,0.00,0.85,18.17,6.53,1.11,1.87,6.55,3.26,3.27,5.26,70.07,18.24,17.70
1970-01-01,00:00:08.8321,ERR,ErrD,0,0,0,0,0,0,0,0,0.00,0,0,0,0,0.00,0.00,0.85,18.26,6.53,1.11,1.87,6.54,3.26,3.27,5.26,68.32,18.15,17.63
1970-01-01,00:00:08.8521,ERR,ErrD,0,0,0,0,0,0,0,0,0.00,0,0,0,0,0.00,0.00,0.85,18.27,6.53,1.11,1.87,6.54,3.26,3.27,5.27,71.65,18.29,17.58
1970-01-01,00:00:08.8721,ERR,ErrD,0,0,0,0,0,0,0,0,0.00,0,0,0,0,0.00,0.00,0.85,18.24,6.53,1.11,2.02,6.55,3.26,3.27,5.26,65.90,18.19,17.73
1970-01-01,00:00:08.8921,ERR,ErrD,0,0,0,0,0,0,0,0,0.00,0,0,0,0,0.00,0.00,0.85,18.23,6.53,1.11,2.02,6.54,3.26,3.27,5.26,69.67,18.20,17.77
1970-01-01,00:00:09.9121,ERR,ErrD,0,0,0,0,0,0,0,0,0.00,0,0,0,0,0.00,0.00,0.85,18.19,6.53,1.12,2.18,6.56,3.26,3.27,5.26,75.14,18.19,17.76
1970-01-01,00:00:09.9321,ERR,ErrD,0,0,0,0,0,0,0,0,0.00,0,0,0,0,0.00,0.00,0.85,18.25,6.54,1.12,2.18,6.56,3.26,3.28,5.27,68.62,18.14,17.77
1970-01-01,00:00:09.9521,ERR,ErrD,0,0,0,0,0,0,0,0,0.00,0,0,0,0,0.00,0.00,0.85,18.24,6.54,1.12,2.18,6.54,3.26,3.28,5.26,63.79,18.06,17.56
1970-01-01,00:00:09.9721,ERR,ErrD,0,0,0,0,0,0,0,0,0.00,0,0,0,0,0.00,0.00,0.85,18.22,6.54,1.12,2.34,6.54,3.26,3.28,5.26,69.52,18.24,17.86
1970-01-01,00:00:09.9921,ERR,ErrD,0,0,0,0,0,0,0,0,0.00,0,0,0,0,0.00,0.00,0.85,18.31,6.54,1.12,2.34,6.56,3.26,3.28,5.26,67.74,18.18,17.70
1970-01-01,00:00:10.10121,ERR,ErrD,0,0,0,0,0,0,0,0,0.00,0,0,0,0,0.00,0.00,0.86,18.26,6.54,1.15,2.49,6.54,3.26,3.28,5.26,69.71,18.15,17.74
1970-01-01,00:00:10.10321,ERR,ErrD,0,0,0,0,0,0,0,0,0.00,0,0,0,0,0.00,0.00,0.86,18.18,6.54,1.15,2.49,6.53,3.26,3.28,5.26,64.99,18.13,17.72
1970-01-01,00:00:10.10521,ERR,ErrD,0,0,0,0,0,0,0,0,0.00,0,0,0,0,0.00,0.00,0.86,18.25,6.54,1.15,2.49,6.53,3.26,3.28,5.26,71.04,18.22,17.62
1970-01-01,00:00:10.10721,ERR,ErrD,0,0,0,0,0,0,0,0,0.00,0,0,0,0,0.00,0.00,0.85,18.19,6.54,1.11,2.65,6.52,3.26,3.28,5.27,64.42,18.21,17.70
1970-01-01,00:00:10.10921,ERR,ErrD,0,0,0,0,0,0,0,0,0.00,0,0,0,0,0.00,0.00,0.85,18.27,6.54,1.11,2.65,6.54,3.26,3.28,5.26,72.39,18.16,17.76
1970-01-01,00:00:11.11121,ERR,ErrD,0,0,0,0,0,0,0,0,0.00,0,0,0,0,0.00,0.00,0.86,18.18,6.54,1.13,2.81,6.56,3.26,3.28,5.27,68.96,18.10,17.74
1970-01-01,00:00:11.11321,ERR,ErrD,0,0,0,0,0,0,0,0,0.00,0,0,0,0,0.00,0.00,0.86,18.18,6.54,1.13,2.81,6.55,3.26,3.28,5.26,69.24,18.21,17.66
1970-01-01,00:00:11.11521,ERR,ErrD,0,0,0,0,0,0,0,0,0.00,0,0,0,0,0.00,0.00,0.86,18.23,6.53,1.13,2.81,6.54,3.25,3.28,5.26,68.24,18.22,17.62
1970-01-01,00:00:11.11721,ERR,ErrD,0,0,0,0,0,0,0,0,0.00,0,0,0,0,0.00,0.00,0.85,18.35,6.53,1.11,2.96,6.55,3.25,3.28,5.26,71.48,18.17,17.73
1970-01-01,00:00:11.11921,ERR,ErrD,0,0,0,0,0,0,0,0,0.00,0,0,0,0,0.00,0.00,0.85,18.18,6.53,1.11,2.96,6.54,3.25,3.28,5.27,67.18,18.17,17.75
1970-01-01,00:00:12.12121,ERR,ErrD,0,0,0,0,0,0,0,0,0.00,0,0,0,0,0.00,0.00,0.85,18.27,6.54,1.13,3.12,6.55,3.25,3.29,5.26,74.30,18.23,17.67
1970-01-01,00:00:12.12321,ERR,ErrD,0,0,0,0,0,0,0,0,0.00,0,0,0,0,0.00,0.00,0.85,18.17,6.54,1.13,3.12,6.55,3.25,3.29,5.26,73.92,18.22,17.66
1970-01-01,00:00:12.12521,ERR,ErrD,0,0,0,0,0,0,0,0,0.00,0,0,0,0,0.00,0.00,0.85,18.23,6.54,1.13,3.12,6.55,3.25,3.29,5.26,68.67,18.11,17.81
1970-01-01,00:00:12.12721,ERR,ErrD,0,0,0,0,0,0,0,0,0.00,0,0,0,0,0.00,0.00,0.86,18.22,6.54,1.13,3.27,6.54,3.25,3.29,5.26,66.74,18.12,17.79
1970-01-01,00:00:12.12921,ERR,ErrD,0,0,0,0,0,0,0,0,0.00,0,0,0,0,0.00,0.00,0.86,18.28,6.54,1.13,3.27,6.55,3.26,3.28,5.27,68.25,18.22,17.70
1970-01-01,00:00:13.13121,ERR,ErrD,0,0,0,0,0,0,0,0,0.00,0,0,0,0,0.00,0.00,0.85,18.27,6.54,1.14,3.43,6.55,3.26,3.28,5.26,75.02,18.24,17.67
1970-01-01,00:00:13.13321,ERR,ErrD,0,0,0,0,0,0,0,0,0.00,0,0,0,0,0.00,0.00,0.85,18.30,6.54,1.14,3.43,6.54,3.26,3.28,5.26,70.29,18.13,17.71
1970-01-01,00:00:13.13521,ERR,ErrD,0,0,0,0,0,0,0,0,0.00,0,0,0,0,0.00,0.00,0.85,18.34,6.54,1.14,3.43,6.54,3.26,3.28,5.26,70.16,18.13,17.76
1970-01-01,00:00:13.13721,ERR,ErrD,0,0,0,0,0,0,0,0,0.00,0,0,0,0,0.00,0.00,0.85,18.24,6.53,1.12,3.59,6.53,3.26,3.27,5.26,69.78,18.15,17.64
1970-01-01,00:00:13.13921,ERR,ErrD,0,0,0,0,0,0,0,0,0.00,0,0,0,0,0.00,0.00,0.85,18.24,6.53,1.12,3.59,6.55,3.26,3.27,5.26,66.93,18.22,17.74
1970-01-01,00:00:14.14121,ERR,ErrD,0,0,0,0,0,0,0,0,0.00,0,0,0,0,0.00,0.00,0.86,18.25,6.53,1.12,3.75,6.54,3.26,3.27,5.26,67.15,18.15,17.74
1970-01-01,00:00:14.14321,ERR,ErrD,0,0,0,0,0,0,0,0,0.00,0,0,0,0,0.00,0.00,0.86,18.36,6.54,1.12,3.75,6.53,3.26,3.28,5.26,71.25,18.34,17.77
1970-01-01,00:00:14.14521,ERR,ErrD,0,0,0,0,0,0,0,0,0.00,0,0,0,0,0.00,0.00,0.86,18.30,6.54,1.12,3.75,6.54,3.26,3.28,5.26,72.70,18.19,17.75
1970-01-01,00:00:14.14721,ERR,ErrD,0,0,0,0,0,0,0,0,0.00,0,0,0,0,0.00,0.00,0.85,18.19,6.54,1.12,3.90,6.53,3.26,3.28,5.26,73.47,18.18,17.90
1970-01-01,00:00:14.14921,ERR,ErrD,0,0,0,0,0,0,0,0,0.00,0,0,0,0,0.00,0.00,0.85,18.29,6.54,1.12,3.90,6.51,3.26,3.28,5.26,71.16,18.22,17.76
1970-01-01,00:00:15.15121,ERR,ErrD,0,0,0,0,0,0,0,0,0.00,0,0,0,0,0.00,0.00,0.86,18.25,6.53,1.13,4.06,6.54,3.26,3.27,5.26,69.57,18.29,17.75
1970-01-01,00:00:15.15321,ERR,ErrD,0,0,0,0,0,0,0,0,0.00,0,0,0,0,0.00,0.00,0.86,18.21,6.53,1.13,4.06,6.55,3.26,3.27,5.26,73.47,18.21,17.73
1970-01-01,00:00:15.15521,ERR,ErrD,0,0,0,0,0,0,0,0,0.00,0,0,0,0,0.00,0.00,0.86,18.22,6.53,1.13,4.06,6.54,3.26,3.27,5.26,70.36,18.25,17.67
1970-01-01,00:00:15.15721,ERR,ErrD,0,0,0,0,0,0,0,0,0.00,0,0,0,0,0.00,0.00,0.85,18.28,6.54,1.11,4.21,6.54,3.26,3.28,5.26,68.94,18.25,17.79
1970-01-01,00:00:15.15921,ERR,ErrD,0,0,0,0,0,0,0,0,0.00,0,0,0,0,0.00,0.00,0.85,18.19,6.54,1.11,4.21,6.55,3.26,3.28,5.27,68.18,18.22,17.65
1970-01-01,00:00:16.16121,ERR,ErrD,0,0,0,0,0,0,0,0,0.00,0,0,0,0,0.00,0.00,0.85,18.26,6.54,1.12,4.37,6.54,3.26,3.28,5.26,71.05,18.20,17.73
1970-01-01,00:00:16.16321,ERR,ErrD,0,0,0,0,0,0,0,0,0.00,0,0,0,0,0.00,0.00,0.85,18.20,6.54,1.12,4.37,6.54,3.26,3.28,5.26,66.93,18.13,17.58
1970-01-01,00:00:16.16521,ERR,ErrD,0,0,0,0,0,0,0,0,0.00,0,0,0,0,0.00,0.00,0.85,18.31,6.54,1.12,4.37,6.53,3.26,3.28,5.26,68.63,18.11,17.72
1970-01-01,00:00:16.16721,ERR,ErrD,0,0,0,0,0,0,0,0,0.00,0,0,0,0,0.00,0.00,0.85,18.25,6.54,1.12,4.52,6.55,3.26,3.28,5.27,71.98,18.12,17.76
1970-01-01,00:00:16.16921,ERR,ErrD,0,0,0,0,0,0,0,0,0.00,0,0,0,0,0.00,0.00,0.85,18.20,6.54,1.12,4.52,6.57,3.26,3.28,5.26,69.63,18.16,17.78
1970-01-01,00:00:17.17121,ERR,ErrD,0,0,0,0,0,0,0,0,0.00,0,0,0,0,0.00,0.00,0.85,18.29,6.53,1.12,4.68,6.56,3.26,3.27,5.26,71.51,18.19,17.78
1970-01-01,00:00:17.17321,ERR,ErrD,0,0,0,0,0,0,0,0,0.00,0,0,0,0,0.00,0.00,0.85,18.29,6.53,1.12,4.68,6.55,3.26,3.27,5.26,75.83,18.16,17.86
1970-01-01,00:00:17.17521,ERR,ErrD,0,0,0,0,0,0,0,0,0.00,0,0,0,0,0.00,0.00,0.85,18.18,6.53,1.12,4.68,6.54,3.26,3.27,5.26,63.67,18.26,17.74
1970-01-01,00:00:17.17721,ERR,ErrD,0,0,0,0,0,0,0,0,0.00,0,0,0,0,0.00,0.00,0.86,18.13,6.53,1.13,4.84,6.53,3.26,3.27,5.26,68.40,18.24,17.79
1970-01-01,00:00:17.17921,ERR,ErrD,0,0,0,0,0,0,0,0,0.00,0,0,0,0,0.00,0.00,0.86,18.28,6.53,1.13,4.84,6.59,3.26,3.27,5.26,67.63,18.23,17.73
1970-01-01,00:00:18.18121,ERR,ErrD,0,0,0,0,0,0,0,0,0.00,0,0,0,0,0.00,0.00,0.85,18.30,6.53,1.13,5.00,6.53,3.26,3.27,5.26,67.59,18.24,17.78
1970-01-01,00:00:18.18321,ERR,ErrD,0,0,0,0,0,0,0,0,0.00,0,0,0,0,0.00,0.00,0.85,18.34,6.53,1.13,5.00,6.54,3.26,3.27,5.26,73.44,18.20,17.78
1970-01-01,00:00:18.18521,ERR,ErrD,0,0,0,0,0,0,0,0,0.00,0,0,0,0,0.00,0.00,0.85,18.21,6.53,1.13,5.00,6.55,3.26,3.27,5.26,68.65,18.32,17.89
1970-01-01,00:00:18.18721,ERR,ErrD,0,0,0,0,0,0,0,0,0.00,0,0,0,0,0.00,0.00,0.85,18.24,6.53,1.13,5.15,6.53,3.26,3.27,5.27,68.50,18.25,17.72
1970-01-01,00:00:18.18921,ERR,ErrD,0,0,0,0,0,0,0,0,0.00,0,0,0,0,0.00,0.00,0.85,18.18,6.53,1.13,5.15,6.54,3.26,3.27,5.26,70.71,18.25,17.84
1970-01-01,00:00:19.19121,ERR,ErrD,0,0,0,0,0,0,0,0,0.00,0,0,0,0,0.00,0.00,0.85,18.26,6.53,1.12,5.31,6.54,3.26,3.27,5.26,70.66,18.28,17.85
1970-01-01,00:00:19.19321,ERR,ErrD,0,0,0,0,0,0,0,0,0.00,0,0,0,0,0.00,0.00,0.85,18.28,6.53,1.12,5.31,6.55,3.25,3.28,5.26,69.91,18.17,17.70
1970-01-01,00:00:19.19521,ERR,ErrD,0,0,0,0,0,0,0,0,0.00,0,0,0,0,0.00,0.00,0.85,18.32,6.53,1.12,5.31,6.54,3.25,3.28,5.27,68.14,18.20,17.76
1970-01-01,00:00:19.19721,ERR,ErrD,0,0,0,0,0,0,0,0,0.00,0,0,0,0,0.00,0.00,0.86,18.21,6.53,1.13,5.47,6.55,3.25,3.28,5.26,69.61,18.10,17.71
1970-01-01,00:00:19.19921,ERR,ErrD,0,0,0,0,0,0,0,0,0.00,0,0,0,0,0.00,0.00,0.86,18.27,6.53,1.13,5.47,6.54,3.25,3.28,5.27,68.78,18.22,17.69
1970-01-01,00:00:20.20121,ERR,ErrD,0,0,0,0,0,0,0,0,0.00,0,0,0,0,0.00,0.00,0.85,18.29,6.53,1.13,5.62,6.53,3.25,3.28,5.26,69.87,18.22,17.73
1970-01-01,00:00:20.20321,ERR,ErrD,0,0,0,0,0,0,0,0,0.00,0,0,0,0,0.00,0.00,0.85,18.23,6.53,1.13,5.62,6.55,3.25,3.28,5.26,69.87,18.19,17.85
1970-01-01,00:00:20.20521,ERR,ErrD,0,0,0,0,0,0,0,0,0.00,0,0,0,0,0.00,0.00,0.85,18.13,6.53,1.13,5.62,6.55,3.25,3.28,5.26,71.93,18.23,17.76
1970-01-01,00:00:20.20721,ERR,ErrD,0,0,0,0,0,0,0,0,0.00,0,0,0,0,0.00,0.00,0.86,18.23,6.53,1.13,5.78,6.56,3.26,3.27,5.26,68.65,18.19,17.73
1970-01-01,00:00:20.20921,ERR,ErrD,0,0,0,0,0,0,0,0,0.00,0,0,0,0,0.00,0.00,0.86,18.15,6.53,1.13,5.78,6.54,3.26,3.27,5.27,74.30,18.21,17.74
1970-01-01,00:00:21.21121,ERR,ErrD,0,0,0,0,0,0,0,0,0.00,0,0,0,0,0.00,0.00,0.86,18.28,6.53,1.12,5.94,6.53,3.26,3.27,5.26,66.95,18.30,17.83
1970-01-01,00:00:21.21321,ERR,ErrD,0,0,0,0,0,0,0,0,0.00,0,0,0,0,0.00,0.00,0.86,18.28,6.53,1.12,5.94,6.54,3.26,3.27,5.26,69.93,18.19,17.78
1970-01-01,00:00:21.21521,ERR,ErrD,0,0,0,0,0,0,0,0,0.00,0,0,0,0,0.00,0.00,0.86,18.25,6.54,1.12,5.94,6.54,3.26,3.28,5.26,69.85,18.19,17.80
1970-01-01,00:00:21.21721,ERR,ErrD,0,0,0,0,0,0,0,0,0.00,0,0,0,0,0.00,0.00,0.85,18.32,6.54,1.13,6.09,6.55,3.26,3.28,5.26,69.81,18.15,17.78
1970-01-01,00:00:21.21921,ERR,ErrD,0,0,0,0,0,0,0,0,0.00,0,0,0,0,0.00,0.00,0.85,18.26,6.54,1.13,6.09,6.54,3.26,3.28,5.27,68.92,18.28,17.73
1970-01-01,00:00:22.22121,ERR,ErrD,0,0,0,0,0,0,0,0,0.00,0,0,0,0,0.00,0.00,0.85,18.21,6.53,1.13,6.25,6.56,3.26,3.27,5.26,75.85,18.22,17.59
1970-01-01,00:00:22.22321,ERR,ErrD,0,0,0,0,0,0,0,0,0.00,0,0,0,0,0.00,0.00,0.85,18.25,6.53,1.13,6.25,6.54,3.26,3.27,5.26,72.23,18.11,17.66
1970-01-01,00:00:22.22521,ERR,ErrD,0,0,0,0,0,0,0,0,0.00,0,0,0,0,0.00,0.00,0.85,18.23,6.53,1.13,6.25,6.56,3.26,3.27,5.26,68.89,18.22,17.69
1970-01-01,00:00:22.22721,ERR,ErrD,0,0,0,0,0,0,0,0,0.00,0,0,0,0,0.00,0.00,0.84,18.24,6.53,1.13,6.41,6.55,3.26,3.27,5.26,67.52,18.23,17.64
1970-01-01,00:00:23.23140,ERR,ErrD,0,0,0,1,100,44,16,0,0.00,0,10000,1449,0,0.00,0.00,0.84,18.38,6.53,1.13,6.41,6.56,3.26,3.27,5.26,68.95,18.23,17.78
1970-01-01,00:00:23.23340,ERR,ErrD,0,0,0,23,100,50,16,400,43.48,0,10000,1604,0,0.00,0.00,0.86,18.26,6.53,1.12,6.59,6.54,3.25,3.28,5.26,66.32,18.17,17.74
1970-01-01,00:00:23.23540,ERR,ErrD,0,0,0,45,100,100,16,400,42.22,0,16771,1768,0,0.00,0.00,0.86,18.27,6.53,1.12,6.59,6.52,3.25,3.28,5.27,73.36,18.05,17.77
1970-01-01,00:00:23.23740,ERR,ErrD,0,0,0,67,100,0,16,400,41.79,0,21469,1696,0,0.00,0.00,0.86,19.38,6.53,1.12,6.74,6.49,3.25,3.28,5.27,68.80,18.11,17.71
1970-01-01,00:00:23.23940,ERR,ErrD,0,0,0,89,100,3,16,400,42.70,0,21469,1523,0,0.00,0.00,0.86,18.34,6.53,1.12,6.74,6.51,3.25,3.28,5.26,69.28,18.18,17.83
1970-01-01,00:00:24.24140,ERR,ErrD,0,0,0,111,100,38,16,0,44.14,5367,9947,1360,0,0.00,0.00,0.86,18.26,6.53,1.12,6.74,6.55,3.25,3.28,5.26,67.18,18.27,17.85
1970-01-01,00:00:24.24340,ERR,ErrD,0,0,0,133,100,62,16,0,42.86,8036,18231,1195,0,0.00,0.00,0.86,18.33,6.52,1.22,6.91,6.53,3.25,3.27,5.26,69.89,18.26,17.65
1970-01-01,00:00:24.24540,ERR,ErrD,0,0,0,155,100,43,16,0,41.94,8050,18231,1031,0,0.00,0.00,0.86,18.21,6.52,1.22,6.91,6.55,3.25,3.27,5.27,66.54,18.25,17.75
1970-01-01,00:00:24.24740,ERR,ErrD,0,0,0,177,100,0,16,0,41.81,6922,20169,868,0,0.00,0.00,0.86,18.32,6.52,1.13,7.07,6.54,3.25,3.27,5.26,70.95,18.31,17.79
1970-01-01,00:00:24.24940,ERR,ErrD,0,0,0,199,100,0,16,0,41.71,8034,10029,696,0,0.00,0.00,0.86,18.24,6.52,1.13,7.07,6.54,3.25,3.27,5.26,66.67,18.12,17.76
1970-01-01,00:00:25.25140,ERR,ErrD,0,0,0,221,100,0,16,63,42.08,6107,11966,540,0,0.00,0.00,0.86,18.20,6.52,1.13,7.07,6.53,3.25,3.27,5.26,69.83,18.18,17.72
1970-01-01,00:00:25.25340,ERR,ErrD,0,0,0,243,100,93,16,63,42.39,8039,17817,377,0,0.00,0.00,0.86,18.19,6.52,1.12,7.23,6.53,3.25,3.27,5.26,71.03,18.20,17.66
1970-01-01,00:00:25.25540,ERR,ErrD,0,0,0,265,100,83,16,63,41.89,7903,17817,213,0,0.00,0.00,0.86,18.47,6.52,1.12,7.23,6.47,3.25,3.27,5.26,65.18,18.27,17.72
1970-01-01,00:00:25.25740,ERR,ErrD,0,0,0,287,100,0,16,63,43.21,8907,14558,288,0,0.00,0.00,0.86,18.22,6.52,1.29,7.41,6.54,3.25,3.27,5.26,69.91,18.20,17.78
1970-01-01,00:00:25.25940,ERR,ErrD,0,0,0,309,100,100,16,0,44.34,7908,10093,451,0,0.00,0.00,0.86,18.17,6.52,1.29,7.41,6.53,3.25,3.27,5.26,66.53,18.27,17.69
1970-01-01,00:00:26.26140,ERR,ErrD,0,0,0,331,100,0,16,0,43.81,7898,16441,615,0,0.00,0.00,0.86,18.27,6.52,1.29,7.41,6.54,3.25,3.27,5.26,68.91,18.20,17.76
1970-01-01,00:00:26.26340,ERR,ErrD,0,0,0,353,100,100,16,0,43.91,6065,20711,778,0,0.00,0.00,0.85,18.26,6.52,1.13,7.56,6.53,3.25,3.27,5.26,70.63,18.19,17.68
1970-01-01,00:00:26.26540,ERR,ErrD,0,0,0,375,100,100,16,0,44.00,6065,20711,950,0,0.00,0.00,0.85,18.19,6.53,1.13,7.56,6.50,3.25,3.28,5.26,68.64,18.19,17.63
1970-01-01,00:00:26.26740,ERR,ErrD,0,0,0,397,100,100,16,0,43.83,6065,20711,1105,0,0.00,0.00,0.85,18.23,6.53,1.14,7.72,6.54,3.25,3.28,5.27,62.66,18.24,17.74
1970-01-01,00:00:26.26940,ERR,ErrD,0,0,0,417,100,73,16,0,44.36,8902,12808,1269,0,0.00,0.00,0.85,18.21,6.53,1.14,7.72,6.53,3.25,3.28,5.26,69.15,18.26,17.62
1970-01-01,00:00:27.27140,ERR,ErrD,0,0,0,439,100,0,16,0,43.96,7790,17166,1432,0,0.00,0.00,0.85,18.20,6.52,1.14,7.72,6.55,3.25,3.27,5.26,69.20,18.32,17.67
1970-01-01,00:00:27.27340,ERR,ErrD,0,0,0,461,100,0,16,0,43.60,7783,18001,1596,0,0.00,0.00,0.87,18.28,6.52,1.30,7.90,6.53,3.25,3.27,5.26,72.41,18.12,17.76
1970-01-01,00:00:27.27540,ERR,ErrD,0,0,0,483,100,100,16,0,43.48,5825,21214,1760,0,0.00,0.00,0.87,18.28,6.52,1.30,7.90,6.55,3.25,3.27,5.26,70.28,18.24,17.72
1970-01-01,00:00:27.27740,ERR,ErrD,0,0,0,505,100,0,16,0,43.37,7796,11952,1687,0,0.00,0.00,0.86,18.25,6.52,1.14,8.06,6.53,3.25,3.27,5.26,70.11,18.21,17.62
1970-01-01,00:00:27.27940,ERR,ErrD,0,0,0,527,100,79,16,0,43.45,7796,14392,1531,0,0.00,0.00,0.86,18.39,6.52,1.14,8.06,6.55,3.26,3.26,5.26,76.53,18.19,17.67
1970-01-01,00:00:28.28140,ERR,ErrD,0,0,0,549,100,0,16,0,43.17,6438,20267,1367,0,0.00,0.00,0.86,18.29,6.52,1.14,8.06,6.54,3.26,3.26,5.26,71.95,18.30,17.67
1970-01-01,00:00:28.28340,ERR,ErrD,0,0,0,571,100,100,16,108,42.56,5699,20267,1195,0,0.00,0.00,0.85,18.16,6.52,1.83,8.32,6.54,3.26,3.26,5.26,70.60,18.27,17.63
1970-01-01,00:00:28.28540,ERR,ErrD,0,0,0,593,100,100,16,108,42.83,5699,20267,1040,0,0.00,0.00,0.85,18.23,6.52,1.83,8.32,6.55,3.26,3.26,5.26,72.54,18.18,17.76
1970-01-01,00:00:28.28740,ERR,ErrD,0,0,0,615,100,59,16,108,42.76,7663,12043,876,0,0.00,0.00,0.86,18.26,6.53,1.30,8.50,6.53,3.25,3.28,5.27,69.06,18.13,17.67
1970-01-01,00:00:28.28940,ERR,ErrD,0,0,0,637,100,79,16,108,42.54,5185,21554,712,0,0.00,0.00,0.86,18.30,6.53,1.30,8.50,6.53,3.25,3.28,5.26,71.11,18.27,17.70
1970-01-01,00:00:29.29140,ERR,ErrD,0,0,0,659,100,81,16,108,42.64,7544,21554,549,0,0.00,0.00,0.86,18.26,6.53,1.30,8.50,6.55,3.25,3.28,5.26,70.12,18.18,17.74
1970-01-01,00:00:29.29340,ERR,ErrD,0,0,0,681,100,94,16,72,42.73,8911,10000,385,0,0.00,0.00,0.86,18.19,6.53,1.14,8.66,6.54,3.25,3.28,5.27,66.54,18.22,17.64
1970-01-01,00:00:29.29540,ERR,ErrD,0,0,0,703,100,78,16,90,42.82,8962,10876,221,0,0.00,0.00,0.86,18.35,6.52,1.14,8.66,6.54,3.25,3.27,5.26,74.30,18.31,17.69
1970-01-01,00:00:29.29740,ERR,ErrD,0,0,0,725,100,0,16,90,42.90,7663,16255,279,0,0.00,0.00,0.85,18.14,6.52,1.13,8.81,6.56,3.25,3.27,5.27,67.99,18.08,17.78
1970-01-01,00:00:29.29940,ERR,ErrD,0,0,0,747,100,0,16,90,42.70,7545,17079,443,0,0.00,0.00,0.85,18.32,6.52,1.13,8.81,6.55,3.25,3.27,5.26,71.60,18.26,17.72
1970-01-01,00:00:30.30140,ERR,ErrD,0,0,0,769,100,91,16,90,42.52,6446,20619,615,0,0.00,0.00,0.85,18.26,6.53,1.13,8.81,6.53,3.26,3.27,5.26,71.51,18.20,17.76
1970-01-01,00:00:30.30340,ERR,ErrD,0,0,0,791,100,95,16,90,42.73,7440,20619,770,0,0.00,0.00,0.86,18.28,6.53,1.27,8.99,6.55,3.26,3.27,5.26,73.89,18.30,17.68
1970-01-01,00:00:30.30540,ERR,ErrD,0,0,0,813,100,100,16,0,42.68,7541,12815,934,0,0.00,0.00,0.86,18.27,6.53,1.27,8.99,6.54,3.26,3.27,5.27,68.77,18.27,17.70
1970-01-01,00:00:30.30740,ERR,ErrD,0,0,0,835,100,91,16,0,42.75,7540,14224,1097,0,0.00,0.00,0.85,18.37,6.53,1.13,9.15,6.53,3.26,3.27,5.27,70.28,18.20,17.66
1970-01-01,00:00:30.30940,ERR,ErrD,0,0,0,857,100,100,16,0,42.59,7544,23872,1260,0,0.00,0.00,0.85,18.20,6.52,1.13,9.15,6.55,3.25,3.27,5.26,72.58,18.18,17.61
1970-01-01,00:00:31.31140,ERR,ErrD,0,0,0,879,100,98,16,0,42.43,5453,23872,1432,0,0.00,0.00,0.85,18.24,6.52,1.13,9.15,6.52,3.25,3.27,5.26,70.64,18.27,17.82
1970-01-01,00:00:31.31340,ERR,ErrD,0,0,0,901,100,100,16,0,42.84,9027,14509,1588,0,0.00,0.00,0.85,18.32,6.52,1.14,9.31,6.53,3.25,3.27,5.27,70.67,18.11,17.75
1970-01-01,00:00:31.31540,ERR,ErrD,0,0,0,923,100,54,16,0,42.80,8907,17368,1752,0,0.00,0.00,0.85,18.22,6.52,1.14,9.31,6.52,3.25,3.27,5.26,71.45,18.17,17.66
1970-01-01,00:00:31.31740,ERR,ErrD,0,0,0,945,100,0,16,36,42.86,6060,20637,1703,0,0.00,0.00,0.86,18.24,6.52,1.21,9.47,6.55,3.25,3.27,5.26,67.23,18.10,17.78
1970-01-01,00:00:31.31940,ERR,ErrD,0,0,0,967,100,0,16,36,43.02,6060,20637,1539,0,0.00,0.00,0.86,18.22,6.52,1.21,9.47,6.55,3.25,3.27,5.26,70.72,18.21,17.63
1970-01-01,00:00:32.32140,ERR,ErrD,0,0,0,989,100,0,16,36,42.97,8887,20637,1376,0,0.00,0.00,0.86,18.34,6.52,1.21,9.47,6.56,3.25,3.27,5.26,70.87,18.14,17.61
1970-01-01,00:00:32.32340,ERR,ErrD,0,0,0,1009,100,99,7,36,43.11,8904,14022,1211,0,0.00,0.00,0.87,18.27,6.53,1.13,9.63,6.54,3.25,3.28,5.26,63.31,18.06,17.74
1970-01-01,00:00:32.32540,ERR,ErrD,0,0,0,1031,100,0,7,90,42.97,8905,17749,1047,0,0.00,0.00,0.87,18.22,6.53,1.13,9.63,6.54,3.25,3.28,5.26,70.53,18.16,17.74
1970-01-01,00:00:32.32740,ERR,ErrD,0,0,0,1053,100,0,7,90,42.83,8467,18050,884,0,0.00,0.00,0.85,18.31,6.53,1.12,9.79,6.53,3.25,3.28,5.26,68.24,18.23,17.86
1970-01-01,00:00:32.32940,ERR,ErrD,0,0,0,1075,100,52,7,90,42.88,8900,10000,712,0,0.00,0.00,0.85,18.22,6.53,1.12,9.79,6.54,3.25,3.28,5.26,72.18,18.28,17.68
1970-01-01,00:00:33.33140,ERR,ErrD,0,0,0,1097,100,51,7,90,42.84,8901,14199,557,0,0.00,0.00,0.85,18.17,6.52,1.12,9.79,6.52,3.25,3.27,5.26,70.21,18.14,17.73
1970-01-01,00:00:33.33347,ERR,ErrD,0,0,0,1098,100,52,7,90,42.90,8901,14311,549,0,0.00,0.00,0.86,18.17,6.52,1.12,9.99,6.52,3.25,3.27,5.26,70.21,18.14,17.73
1970-01-01,00:00:33.33606,ERR,ErrD,0,0,0,1099,100,52,7,90,42.86,8901,10000,540,0,0.00,0.00,0.86,18.17,6.52,1.12,9.99,6.52,3.25,3.27,5.26,70.21,18.14,17.73
1970-01-01,00:00:33.33806,ERR,ErrD,0,0,0,1121,100,41,7,90,42.73,4336,12312,327,0,0.00,0.00,0.86,18.31,6.52,1.12,9.99,6.56,3.25,3.27,5.27,69.27,18.29,17.63
1970-01-01,00:00:34.34006,ERR,ErrD,0,0,0,1143,100,13,7,0,42.69,8157,15085,483,0,0.00,0.00,0.86,18.37,6.52,1.13,10.15,6.54,3.26,3.26,5.27,69.65,18.38,17.67
1970-01-01,00:00:34.34206,ERR,ErrD,0,0,0,1165,100,100,7,0,43.00,5084,21667,656,0,0.00,0.00,0.86,18.27,6.52,1.13,10.15,6.54,3.26,3.26,5.27,72.12,18.31,17.73
1970-01-01,00:00:34.34406,ERR,ErrD,0,0,0,1187,100,100,7,0,42.88,5084,21667,819,0,0.00,0.00,0.86,18.35,6.52,1.27,10.33,6.53,3.26,3.26,5.26,67.64,18.40,17.80
1970-01-01,00:00:34.34606,ERR,ErrD,0,0,0,1209,100,92,7,45,42.76,8949,13512,983,0,0.00,0.00,0.86,18.29,6.52,1.27,10.33,6.55,3.26,3.26,5.26,68.54,18.22,17.79
1970-01-01,00:00:34.34806,ERR,ErrD,0,0,0,1231,100,93,7,45,42.81,5692,13512,1146,0,0.00,0.00,0.86,18.30,6.53,1.27,10.33,6.54,3.26,3.27,5.26,71.21,18.28,17.64
1970-01-01,00:00:35.35006,ERR,ErrD,0,0,0,1253,100,0,7,45,42.78,4958,21777,1302,0,0.00,0.00,0.87,18.24,6.53,1.13,10.49,6.54,3.26,3.27,5.26,66.27,18.19,17.80
1970-01-01,00:00:35.35206,ERR,ErrD,0,0,0,1274,100,0,7,45,42.94,4958,21777,1465,0,0.00,0.00,0.87,18.34,6.53,1.13,10.49,6.56,3.26,3.27,5.26,69.05,18.22,17.74
1970-01-01,00:00:35.35406,ERR,ErrD,0,0,0,1296,100,0,7,0,42.98,4958,21777,1637,0,0.00,0.00,0.84,18.25,6.52,1.14,10.64,6.54,3.25,3.27,5.27,69.72,18.18,17.77
1970-01-01,00:00:35.35606,ERR,ErrD,0,0,0,1318,100,94,7,0,42.87,8903,14427,1801,0,0.00,0.00,0.84,18.36,6.52,1.14,10.64,6.54,3.25,3.27,5.26,72.01,18.32,17.59
1970-01-01,00:00:35.35806,ERR,ErrD,0,0,0,1340,100,50,7,0,42.91,8889,16490,1654,0,0.00,0.00,0.84,18.25,6.52,1.14,10.64,6.52,3.25,3.27,5.26,69.56,18.20,17.60
1970-01-01,00:00:36.36006,ERR,ErrD,0,0,0,1362,100,40,7,0,42.95,8888,16946,1490,0,0.00,0.00,0.86,18.26,6.52,1.34,10.83,6.55,3.25,3.27,5.26,67.59,18.04,17.74
1970-01-01,00:00:36.36206,ERR,ErrD,0,0,0,1384,100,51,7,90,42.85,8905,10000,1326,0,0.00,0.00,0.86,18.27,6.52,1.34,10.83,6.54,3.25,3.27,5.26,69.40,18.32,17.69
1970-01-01,00:00:36.36406,ERR,ErrD,0,0,0,1406,100,55,7,90,43.03,8906,11690,1163,0,0.00,0.00,0.87,18.36,6.52,1.13,10.99,6.55,3.25,3.27,5.26,66.38,18.19,17.69
1970-01-01,00:00:36.36606,ERR,ErrD,0,0,0,1428,100,0,7,90,42.93,8915,17677,999,0,0.00,0.00,0.87,18.31,6.52,1.13,10.99,6.54,3.25,3.27,5.26,64.94,18.16,17.61
1970-01-01,00:00:36.36806,ERR,ErrD,0,0,0,1450,100,0,7,90,42.90,7904,18759,843,0,0.00,0.00,0.87,18.36,6.52,1.13,10.99,6.52,3.25,3.27,5.26,68.25,18.29,17.76
1970-01-01,00:00:37.37006,ERR,ErrD,0,0,0,1471,100,0,7,90,42.90,7904,18759,672,0,0.00,0.00,0.85,18.21,6.53,1.46,11.19,6.53,3.25,3.28,5.26,66.27,18.31,17.83
1970-01-01,00:00:37.37206,ERR,ErrD,0,0,0,1493,100,100,7,90,42.80,6797,20101,507,0,0.00,0.00,0.85,18.36,6.53,1.46,11.19,6.48,3.25,3.28,5.26,72.24,18.24,17.61
1970-01-01,00:00:37.37406,ERR,ErrD,0,0,0,1515,100,51,7,90,42.84,8899,13097,344,0,0.00,0.00,0.86,18.26,6.53,1.26,11.37,6.52,3.25,3.28,5.27,68.79,18.18,17.68
1970-01-01,00:00:37.37606,ERR,ErrD,0,0,0,1535,100,88,7,0,42.67,5331,13436,180,0,0.00,0.00,0.86,18.24,6.53,1.26,11.37,6.53,3.25,3.28,5.26,66.20,18.26,17.81
1970-01-01,00:00:37.37806,ERR,ErrD,0,0,0,1557,100,0,7,0,42.65,7484,19303,311,0,0.00,0.00,0.86,18.31,6.53,1.26,11.37,6.52,3.25,3.28,5.27,68.36,18.25,17.73
1970-01-01,00:00:38.38006,ERR,ErrD,0,0,0,1579,100,0,7,0,42.75,7484,19303,483,0,0.00,0.00,0.86,18.39,6.53,1.12,11.52,6.54,3.25,3.28,5.26,71.46,18.21,17.68
1970-01-01,00:00:38.38206,ERR,ErrD,0,0,0,1601,100,90,7,0,42.66,8956,13571,647,0,0.00,0.00,0.86,18.21,6.53,1.12,11.52,6.54,3.25,3.28,5.26,68.33,18.27,17.86
1970-01-01,00:00:38.38406,ERR,ErrD,0,0,0,1623,100,78,7,0,42.58,8215,14233,811,0,0.00,0.00,0.85,18.19,6.52,1.13,11.68,6.54,3.26,3.26,5.26,71.05,18.23,17.72
1970-01-01,00:00:38.38606,ERR,ErrD,0,0,0,1645,100,30,7,0,42.67,8893,16256,967,0,0.00,0.00,0.85,18.33,6.52,1.13,11.68,6.53,3.26,3.26,5.26,72.43,18.24,17.81
1970-01-01,00:00:38.38806,ERR,ErrD,0,0,0,1666,100,0,7,0,42.56,6495,20474,1138,0,0.00,0.00,0.85,18.33,6.52,1.13,11.68,6.56,3.26,3.26,5.26,70.61,18.26,17.79
1970-01-01,00:00:39.39006,ERR,ErrD,0,0,0,1688,100,93,7,0,42.48,8893,23791,1302,0,0.00,0.00,0.85,18.21,6.52,1.26,11.85,6.47,3.26,3.26,5.26,70.13,18.28,17.63
1970-01-01,00:00:39.39206,ERR,ErrD,0,0,0,1710,100,87,7,0,42.51,8888,14406,1465,0,0.00,0.00,0.85,18.29,6.52,1.26,11.85,6.54,3.26,3.26,5.26,60.99,18.28,17.67
1970-01-01,00:00:39.39406,ERR,ErrD,0,0,0,1732,100,0,7,0,42.44,7913,18816,1629,0,0.00,0.00,0.87,18.27,6.52,1.11,12.01,6.55,3.26,3.26,5.26,66.91,18.25,17.77
1970-01-01,00:00:39.39606,ERR,ErrD,0,0,0,1754,100,0,7,0,42.53,7234,19498,1785,0,0.00,0.00,0.87,18.24,6.52,1.11,12.01,6.51,3.26,3.26,5.26,71.57,18.25,17.70
1970-01-01,00:00:39.39806,ERR,ErrD,0,0,0,1776,100,0,7,0,42.62,6309,20781,1662,0,0.00,0.00,0.87,18.25,6.52,1.11,12.01,6.51,3.25,3.27,5.26,71.29,18.24,17.76
1970-01-01,00:00:40.40006,ERR,ErrD,0,0,0,1798,100,0,7,0,42.66,4213,20781,1498,0,0.00,0.00,0.86,18.32,6.52,1.15,12.17,6.54,3.25,3.27,5.26,70.30,18.21,17.64
1970-01-01,00:00:40.40206,ERR,ErrD,0,0,0,1820,100,90,7,0,42.69,6814,13451,1335,0,0.00,0.00,0.86,18.31,6.52,1.15,12.17,6.53,3.25,3.27,5.26,65.06,18.22,17.56
1970-01-01,00:00:40.40406,ERR,ErrD,0,0,0,1842,100,61,7,0,42.73,8894,14930,1171,0,0.00,0.00,0.85,18.38,6.52,1.21,12.34,6.54,3.26,3.26,5.26,71.49,18.31,17.79
1970-01-01,00:00:40.40606,ERR,ErrD,0,0,0,1863,100,0,7,0,42.62,5078,21977,1015,0,0.00,0.00,0.85,18.31,6.52,1.21,12.34,6.55,3.26,3.26,5.26,69.48,18.11,17.65
1970-01-01,00:00:40.40806,ERR,ErrD,0,0,0,1885,100,91,7,0,42.71,8906,10000,843,0,0.00,0.00,0.85,18.32,6.52,1.21,12.34,6.55,3.26,3.26,5.26,65.25,18.26,17.81
1970-01-01,00:00:41.41006,ERR,ErrD,0,0,0,1907,100,89,7,0,42.63,8914,12480,679,0,0.00,0.00,0.86,18.36,6.52,1.14,12.50,6.53,3.26,3.26,5.27,69.53,18.26,17.64
1970-01-01,00:00:41.41206,ERR,ErrD,0,0,0,1929,100,23,7,0,42.56,8920,15369,516,0,0.00,0.00,0.86,18.31,6.51,1.14,12.50,6.51,3.25,3.26,5.26,67.98,18.32,17.80
1970-01-01,00:00:41.41406,ERR,ErrD,0,0,0,1951,100,100,7,45,42.64,5205,21522,360,0,0.00,0.00,0.85,18.28,6.51,1.14,12.65,6.55,3.25,3.26,5.26,70.09,18.15,17.67
1970-01-01,00:00:41.41606,ERR,ErrD,0,0,0,1973,100,100,7,45,42.57,5205,21522,188,0,0.00,0.00,0.85,18.28,6.51,1.14,12.65,6.52,3.25,3.26,5.26,72.38,18.31,17.66
1970-01-01,00:00:41.41806,ERR,ErrD,0,0,0,1995,100,100,7,45,42.66,8891,21522,311,0,0.00,0.00,0.85,18.37,6.51,1.14,12.65,6.52,3.25,3.26,5.26,70.53,18.24,17.73
1970-01-01,00:00:42.42006,ERR,ErrD,0,0,0,2017,100,37,98,45,42.64,8873,13014,467,0,0.00,0.00,0.86,18.29,6.52,1.21,12.82,6.53,3.24,3.28,5.26,70.98,18.27,17.65
1970-01-01,00:00:42.42206,ERR,ErrD,0,0,0,2039,100,91,98,45,42.62,5318,21347,640,0,0.00,0.00,0.86,18.25,6.52,1.21,12.82,6.52,3.24,3.28,5.26,67.18,18.19,17.73
1970-01-01,00:00:42.42406,ERR,ErrD,0,0,0,2060,100,93,100,0,42.72,5318,21347,795,0,0.00,0.00,0.86,18.34,6.52,1.11,12.98,6.54,3.24,3.28,5.26,71.60,18.29,17.65
1970-01-01,00:00:42.42606,ERR,ErrD,0,0,0,2082,100,77,100,0,42.70,5079,21976,967,0,0.00,0.00,0.86,18.33,6.52,1.11,12.98,6.53,3.25,3.27,5.26,64.51,18.33,17.70
1970-01-01,00:00:42.42806,ERR,ErrD,0,0,0,2104,100,37,100,0,42.63,8904,11229,1130,0,0.00,0.00,0.86,18.32,6.52,1.11,12.98,6.52,3.25,3.27,5.26,68.80,18.25,17.64
1970-01-01,00:00:43.43006,ERR,ErrD,0,0,0,2126,100,0,100,0,42.66,7972,17438,1293,0,0.00,0.00,0.86,18.34,6.52,1.13,13.13,6.55,3.25,3.27,5.27,66.68,18.16,17.73
1970-01-01,00:00:43.43207,ERR,ErrD,0,0,0,2148,100,0,100,0,42.69,8902,17438,1449,0,0.00,0.00,0.86,18.23,6.52,1.13,13.13,6.52,3.25,3.27,5.26,68.45,18.27,17.73
1970-01-01,00:00:43.43406,ERR,ErrD,0,0,0,2170,100,37,100,0,42.63,8895,10000,1621,0,0.00,0.00,0.86,18.43,6.52,1.30,13.32,6.55,3.25,3.27,5.26,68.15,18.10,17.78
1970-01-01,00:00:43.43606,ERR,ErrD,0,0,0,2192,100,15,100,0,42.66,5574,12426,1785,0,0.00,0.00,0.86,18.26,6.52,1.30,13.32,6.52,3.25,3.27,5.26,67.64,18.19,17.79
1970-01-01,00:00:43.43806,ERR,ErrD,0,0,0,2214,100,36,100,0,42.59,8904,11468,1670,0,0.00,0.00,0.86,18.20,6.52,1.30,13.32,6.53,3.25,3.27,5.26,74.23,18.23,17.84
1970-01-01,00:00:44.44006,ERR,ErrD,0,0,0,2236,100,83,100,0,42.62,6690,20125,1507,0,0.00,0.00,0.86,18.37,6.52,1.21,13.49,6.52,3.25,3.27,5.26,65.52,18.25,17.61
1970-01-01,00:00:44.44206,ERR,ErrD,0,0,0,2257,100,72,100,0,42.62,6426,20580,1351,0,0.00,0.00,0.86,18.35,6.52,1.21,13.49,6.53,3.25,3.27,5.26,71.90,18.28,17.68
1970-01-01,00:00:44.44407,ERR,ErrD,0,0,0,2279,100,72,100,0,42.61,6426,20580,1179,0,0.00,0.00,0.86,18.35,6.52,1.14,13.64,6.46,3.25,3.27,5.26,70.02,18.31,17.58
1970-01-01,00:00:44.44606,ERR,ErrD,0,0,0,2301,100,37,100,0,42.63,8958,13105,1015,0,0.00,0.00,0.86,18.27,6.52,1.14,13.64,6.54,3.25,3.27,5.26,69.65,18.23,17.67
1970-01-01,00:00:44.44806,ERR,ErrD,0,0,0,2323,100,0,100,0,42.62,8889,17778,860,0,0.00,0.00,0.86,18.28,6.52,1.14,13.64,6.54,3.25,3.27,5.27,68.15,18.21,17.74
1970-01-01,00:00:45.45006,ERR,ErrD,0,0,0,2345,100,0,100,0,42.60,7809,18917,688,0,0.00,0.00,0.85,18.33,6.52,1.25,13.82,6.55,3.25,3.27,5.26,72.40,18.21,17.76
1970-01-01,00:00:45.45206,ERR,ErrD,0,0,0,2367,100,100,100,0,42.63,6066,20941,524,0,0.00,0.00,0.85,18.41,6.52,1.25,13.82,6.51,3.25,3.27,5.26,71.64,18.25,17.77
1970-01-01,00:00:45.45406,ERR,ErrD,0,0,0,2389,100,100,100,0,42.57,8296,20941,360,0,0.00,0.00,0.86,18.39,6.52,1.13,13.97,6.56,3.25,3.27,5.26,69.87,18.26,17.70
1970-01-01,00:00:45.45607,ERR,ErrD,0,0,0,2411,100,35,100,0,42.51,8903,13381,196,0,0.00,0.00,0.86,18.42,6.52,1.13,13.97,6.54,3.25,3.27,5.26,71.19,18.22,17.67
1970-01-01,00:00:45.45806,ERR,ErrD,0,0,0,2433,100,95,100,90,42.54,6929,19813,304,0,0.00,0.00,0.86,18.29,6.52,1.13,13.97,6.53,3.25,3.27,5.26,69.72,18.22,17.74
1970-01-01,00:00:46.46006,ERR,ErrD,0,0,0,2455,100,57,100,90,42.48,5640,21280,475,0,0.00,0.00,0.86,18.22,6.52,1.11,14.13,6.54,3.25,3.27,5.27,66.21,18.27,17.87
1970-01-01,00:00:46.46207,ERR,ErrD,0,0,0,2477,100,58,100,90,42.51,4591,21280,631,0,0.00,0.00,0.86,18.33,6.53,1.11,14.13,6.55,3.25,3.28,5.26,66.71,18.26,17.66
1970-01-01,00:00:46.46407,ERR,ErrD,0,0,0,2499,100,57,100,90,42.46,8906,21280,795,0,0.00,0.00,0.85,18.22,6.53,1.22,14.30,6.54,3.25,3.28,5.26,69.62,18.28,17.81
1970-01-01,00:00:46.46607,ERR,ErrD,0,0,0,2521,100,41,100,90,42.44,8902,22747,950,0,0.00,0.00,0.85,18.28,6.53,1.22,14.30,6.54,3.25,3.28,5.26,72.06,18.22,17.77
1970-01-01,00:00:46.46807,ERR,ErrD,0,0,0,2542,100,83,100,0,42.45,8902,22747,1121,0,0.00,0.00,0.85,18.29,6.53,1.22,14.30,6.56,3.25,3.28,5.27,65.12,18.22,17.82
1970-01-01,00:00:47.47007,ERR,ErrD,0,0,0,2564,100,32,100,0,42.39,8899,10000,1285,0,0.00,0.00,0.88,18.31,6.52,1.16,14.46,6.53,3.25,3.27,5.26,72.41,18.19,17.73
1970-01-01,00:00:47.47207,ERR,ErrD,0,0,0,2586,100,0,100,0,42.34,8905,16379,1449,0,0.00,0.00,0.88,18.25,6.52,1.16,14.46,6.52,3.25,3.27,5.26,67.93,18.32,17.67
1970-01-01,00:00:47.47407,ERR,ErrD,0,0,0,2608,100,32,100,0,42.37,7990,13710,1613,0,0.00,0.00,0.85,18.27,6.52,1.11,14.62,6.53,3.25,3.27,5.27,68.31,18.23,17.74
1970-01-01,00:00:47.47607,ERR,ErrD,0,0,0,2630,100,0,100,0,42.36,8770,17911,1768,0,0.00,0.00,0.85,18.32,6.52,1.11,14.62,6.52,3.25,3.27,5.26,74.61,18.17,17.68
1970-01-01,00:00:47.47807,ERR,ErrD,0,0,0,2652,100,0,98,0,42.42,7063,19908,1680,0,0.00,0.00,0.85,18.29,6.52,1.11,14.62,6.56,3.25,3.27,5.26,65.73,18.19,17.72
1970-01-01,00:00:48.48007,ERR,ErrD,0,0,0,2673,100,34,97,0,42.46,4825,10705,1515,0,0.00,0.00,0.86,18.18,6.52,1.13,14.77,6.54,3.25,3.27,5.26,71.33,18.22,17.67
1970-01-01,00:00:48.48207,ERR,ErrD,0,0,0,2695,100,0,97,0,42.41,8294,18477,1351,0,0.00,0.00,0.86,18.22,6.52,1.13,14.77,6.53,3.25,3.27,5.26,69.01,18.21,17.67
1970-01-01,00:00:48.48407,ERR,ErrD,0,0,0,2717,100,33,97,0,42.44,8893,13700,1187,0,0.00,0.00,0.87,18.31,6.52,1.27,14.95,6.54,3.25,3.27,5.26,70.78,18.17,17.59
1970-01-01,00:00:48.48607,ERR,ErrD,0,0,0,2739,100,33,99,0,42.42,8888,10000,1024,0,0.00,0.00,0.87,18.22,6.52,1.27,14.95,6.54,3.25,3.27,5.26,68.98,18.15,17.67
1970-01-01,00:00:48.48807,ERR,ErrD,0,0,0,2761,100,33,100,0,42.41,5816,12070,860,0,0.00,0.00,0.87,18.30,6.52,1.27,14.95,6.53,3.25,3.27,5.26,66.60,18.34,17.89
1970-01-01,00:00:49.49007,ERR,ErrD,0,0,0,2783,100,32,100,0,42.44,4150,14013,696,0,0.00,0.00,0.86,18.30,6.52,1.12,15.10,6.51,3.25,3.27,5.26,69.00,18.21,17.66
1970-01-01,00:00:49.49207,ERR,ErrD,0,0,0,2805,100,32,100,0,42.39,8904,13700,532,0,0.00,0.00,0.86,18.31,6.52,1.12,15.10,6.51,3.25,3.27,5.26,72.01,18.18,17.67
1970-01-01,00:00:49.49407,ERR,ErrD,0,0,0,2827,100,97,100,0,42.38,5182,21597,377,0,0.00,0.00,0.86,18.22,6.52,1.12,15.26,6.53,3.25,3.27,5.26,72.02,18.23,17.74
1970-01-01,00:00:49.49607,ERR,ErrD,0,0,0,2849,100,98,100,0,42.40,5182,21597,205,0,0.00,0.00,0.86,18.20,6.52,1.12,15.26,6.55,3.25,3.27,5.26,72.59,18.30,17.71
1970-01-01,00:00:49.49807,ERR,ErrD,0,0,0,2871,100,99,100,0,42.46,8773,21597,295,0,0.00,0.00,0.86,18.38,6.52,1.12,15.26,6.53,3.26,3.26,5.26,68.45,18.25,17.71
1970-01-01,00:00:50.50007,ERR,ErrD,0,0,0,2893,100,98,100,0,42.41,8664,21597,459,0,0.00,0.00,0.87,18.33,6.52,1.30,15.44,6.52,3.26,3.26,5.27,67.55,18.11,17.73
1970-01-01,00:00:50.50207,ERR,ErrD,0,0,0,2915,100,33,100,0,42.44,8771,13700,624,0,0.00,0.00,0.87,18.29,6.52,1.30,15.44,6.54,3.26,3.26,5.27,67.61,18.24,17.63
1970-01-01,00:00:50.50407,ERR,ErrD,0,0,0,2937,100,100,100,0,42.39,6440,20483,787,0,0.00,0.00,0.85,18.27,6.52,1.11,15.60,6.54,3.26,3.26,5.26,69.97,18.18,17.76
1970-01-01,00:00:50.50607,ERR,ErrD,0,0,0,2959,100,100,100,0,42.48,8644,20483,950,0,0.00,0.00,0.85,18.35,6.52,1.11,15.60,6.54,3.25,3.27,5.26,70.34,18.20,17.81
1970-01-01,00:00:50.50807,ERR,ErrD,0,0,0,2981,100,100,100,0,42.44,4452,20483,1113,0,0.00,0.00,0.85,18.27,6.52,1.11,15.60,6.54,3.25,3.27,5.26,0.00,17.98,17.78
1970-01-01,00:00:51.51007,ERR,ErrD,0,0,0,3003,100,32,100,0,42.39,8906,13700,1277,0,0.00,0.00,0.85,18.41,6.52,1.11,15.75,6.51,3.25,3.27,5.26,0.00,17.86,17.87
1970-01-01,00:00:51.51207,ERR,ErrD,0,0,0,3025,100,89,100,0,42.45,4718,21959,1432,0,0.00,0.00,0.85,18.37,6.51,1.11,15.75,6.54,3.25,3.26,5.26,0.00,17.80,17.73
1970-01-01,00:00:51.51407,ERR,ErrD,0,0,0,3047,100,89,100,0,42.40,4718,21959,1604,0,0.00,0.00,0.87,18.36,6.51,1.31,15.93,6.53,3.25,3.26,5.26,0.00,17.88,17.86
1970-01-01,00:00:51.51607,ERR,ErrD,0,0,0,3069,100,88,100,0,42.39,8534,21959,1768,0,0.00,0.00,0.87,18.25,6.51,1.31,15.93,6.55,3.25,3.26,5.26,0.00,17.90,17.75
1970-01-01,00:00:51.51807,ERR,ErrD,0,0,0,3091,100,89,100,0,42.41,7466,21959,1687,0,0.00,0.00,0.87,18.28,6.51,1.31,15.93,6.56,3.25,3.26,5.26,0.00,17.69,17.80
1970-01-01,00:00:52.52007,ERR,ErrD,0,0,0,3113,100,32,100,0,42.37,6441,13700,1523,0,0.00,0.00,0.85,18.29,6.52,1.14,16.09,6.55,3.25,3.27,5.26,0.00,17.70,17.76
1970-01-01,00:00:52.52207,ERR,ErrD,0,0,0,3135,100,100,100,0,42.39,6245,21174,1360,0,0.00,0.00,0.85,18.21,6.52,1.14,16.09,6.55,3.25,3.27,5.26,0.00,18.00,17.73
1970-01-01,00:00:52.52407,ERR,ErrD,0,0,0,3157,100,100,100,0,42.41,8049,21174,1195,0,0.00,0.00,0.85,18.31,6.52,1.10,16.25,6.54,3.25,3.27,5.26,0.00,17.77,17.73
1970-01-01,00:00:52.52607,ERR,ErrD,0,0,0,3179,100,100,100,0,42.37,8530,21174,1031,0,0.00,0.00,0.85,18.27,6.52,1.10,16.25,6.54,3.26,3.26,5.27,0.00,17.89,17.83
1970-01-01,00:00:52.52807,ERR,ErrD,0,0,0,3201,100,32,100,0,42.39,8530,13700,868,0,0.00,0.00,0.85,18.20,6.52,1.10,16.25,6.53,3.26,3.26,5.26,0.00,17.77,17.77
1970-01-01,00:00:53.53007,ERR,ErrD,0,0,0,3222,100,0,100,0,42.43,8411,18716,704,0,0.00,0.00,0.87,18.37,6.52,1.28,16.42,6.57,3.26,3.26,5.26,0.00,18.02,17.85
1970-01-01,00:00:53.53207,ERR,ErrD,0,0,0,3244,100,32,100,0,42.39,8398,10000,540,0,0.00,0.00,0.87,18.30,6.52,1.28,16.42,6.54,3.26,3.26,5.26,0.00,18.01,17.74
1970-01-01,00:00:53.53407,ERR,ErrD,0,0,0,3266,100,0,100,0,42.41,8889,16580,377,0,0.00,0.00,0.85,18.34,6.53,1.12,16.58,6.52,3.25,3.28,5.26,0.00,18.01,17.74
1970-01-01,00:00:53.53607,ERR,ErrD,0,0,0,3288,100,0,100,0,42.37,4469,16580,213,0,0.00,0.00,0.85,18.28,6.53,1.12,16.58,6.52,3.25,3.28,5.26,0.00,17.99,17.95
1970-01-01,00:00:53.53807,ERR,ErrD,0,0,0,3310,100,32,100,0,42.39,8412,13700,288,0,0.00,0.00,0.85,18.27,6.53,1.12,16.58,6.48,3.25,3.28,5.26,0.00,17.88,17.74
1970-01-01,00:00:54.54007,ERR,ErrD,0,0,0,3332,100,0,100,0,42.41,8410,19083,459,0,0.00,0.00,0.85,18.36,6.53,1.11,16.73,6.55,3.25,3.28,5.26,0.00,18.02,17.75
1970-01-01,00:00:54.54207,ERR,ErrD,0,0,0,3354,100,0,100,0,42.40,4212,19083,615,0,0.00,0.00,0.85,18.38,6.52,1.11,16.73,6.53,3.25,3.27,5.26,0.00,17.83,17.86
1970-01-01,00:00:54.54407,ERR,ErrD,0,0,0,3376,100,0,100,0,42.39,8291,19083,778,0,0.00,0.00,0.86,18.34,6.52,1.60,16.96,6.54,3.25,3.27,5.26,0.00,17.77,17.71
1970-01-01,00:00:54.54607,ERR,ErrD,0,0,0,3398,100,0,100,0,42.38,7303,19460,934,0,0.00,0.00,0.86,18.33,6.52,1.60,16.96,6.53,3.25,3.27,5.27,0.00,18.08,17.73
1970-01-01,00:00:54.54807,ERR,ErrD,0,0,0,3419,100,32,98,0,42.38,8281,13700,1105,0,0.00,0.00,0.86,18.23,6.53,1.60,16.96,6.54,3.25,3.28,5.26,0.00,17.77,17.73
1970-01-01,00:00:55.55007,ERR,ErrD,0,0,0,3441,100,33,98,0,42.40,8282,10000,1269,0,0.00,0.00,0.86,18.31,6.53,1.12,17.11,6.53,3.25,3.28,5.26,0.00,17.92,17.82
1970-01-01,00:00:55.55207,ERR,ErrD,0,0,0,3463,100,32,98,0,42.36,6437,11645,1432,0,0.00,0.00,0.86,18.45,6.53,1.12,17.11,6.54,3.25,3.28,5.27,0.00,17.90,17.75
1970-01-01,00:00:55.55407,ERR,ErrD,0,0,0,3485,100,0,98,0,42.32,8278,16406,1596,0,0.00,0.00,0.85,18.30,6.53,1.10,17.26,6.53,3.25,3.28,5.27,0.00,17.81,17.69
1970-01-01,00:00:55.55607,ERR,ErrD,0,0,0,3507,100,31,100,0,42.34,8887,13700,1760,0,0.00,0.00,0.85,18.20,6.52,1.10,17.26,6.53,3.25,3.27,5.26,0.00,17.91,17.80
1970-01-01,00:00:55.55807,ERR,ErrD,0,0,0,3529,100,31,100,0,42.31,8277,10000,1687,0,0.00,0.00,0.85,18.30,6.52,1.10,17.26,6.52,3.25,3.27,5.26,0.00,18.04,17.84
1970-01-01,00:00:56.56007,ERR,ErrD,0,0,0,3551,100,31,100,0,42.33,7549,10000,1531,0,0.00,0.00,0.86,18.30,6.52,1.24,17.44,6.52,3.25,3.27,5.26,0.00,17.77,17.73
1970-01-01,00:00:56.56207,ERR,ErrD,0,0,0,3573,100,0,100,0,42.35,8170,15903,1367,0,0.00,0.00,0.86,18.23,6.52,1.24,17.44,6.54,3.25,3.27,5.26,0.00,18.07,17.70
1970-01-01,00:00:56.56407,ERR,ErrD,0,0,0,3595,100,0,100,0,42.31,8154,18209,1203,0,0.00,0.00,0.86,18.43,6.52,1.30,17.62,6.52,3.25,3.27,5.26,0.00,17.91,17.86
1970-01-01,00:00:56.56607,ERR,ErrD,0,0,0,3616,100,30,100,0,42.28,8157,13700,1040,0,0.00,0.00,0.86,18.26,6.52,1.30,17.62,6.55,3.25,3.27,5.26,0.00,18.05,17.77
1970-01-01,00:00:56.56807,ERR,ErrD,0,0,0,3638,100,100,100,0,42.30,5823,21124,876,0,0.00,0.00,0.86,18.27,6.52,1.30,17.62,6.53,3.25,3.27,5.26,0.00,17.64,17.64
1970-01-01,00:00:57.57007,ERR,ErrD,0,0,0,3660,100,100,100,0,42.27,8034,21124,712,0,0.00,0.00,0.85,18.32,6.52,1.14,17.78,6.53,3.25,3.27,5.26,0.00,17.83,17.76
1970-01-01,00:00:57.57207,ERR,ErrD,0,0,0,3682,100,100,100,0,42.29,5069,21124,549,0,0.00,0.00,0.85,18.34,6.52,1.14,17.78,6.52,3.25,3.27,5.27,0.00,17.76,17.76
1970-01-01,00:00:57.57407,ERR,ErrD,0,0,0,3704,100,30,100,0,42.28,8128,13700,393,0,0.00,0.00,0.86,18.31,6.52,1.22,17.95,6.49,3.25,3.27,5.26,0.00,18.00,17.89
1970-01-01,00:00:57.57607,ERR,ErrD,0,0,0,3726,100,76,98,0,42.35,4573,22452,221,0,0.00,0.00,0.86,18.31,6.52,1.22,17.95,6.53,3.25,3.27,5.26,0.00,17.88,17.64
1970-01-01,00:00:57.57807,ERR,ErrD,0,0,0,3748,100,70,98,54,42.40,4573,22452,279,0,0.00,0.00,0.86,18.26,6.52,1.22,17.95,6.54,3.25,3.27,5.26,0.00,17.65,17.70
1970-01-01,00:00:58.58007,ERR,ErrD,0,0,0,3770,100,70,98,54,42.36,8035,22452,443,0,0.00,0.00,0.85,18.32,6.52,1.12,18.10,6.52,3.25,3.27,5.26,0.00,17.91,17.86
1970-01-01,00:00:58.58207,ERR,ErrD,0,0,0,3792,100,69,98,54,42.33,8039,22452,606,0,0.00,0.00,0.85,18.33,6.52,1.12,18.10,6.52,3.25,3.27,5.26,0.00,17.83,17.84
1970-01-01,00:00:58.58407,ERR,ErrD,0,0,0,3811,100,10,98,54,42.27,8909,14520,770,0,0.00,0.00,0.85,18.35,6.52,1.11,18.26,6.55,3.25,3.27,5.26,0.00,17.79,17.62
1970-01-01,00:00:58.58607,ERR,ErrD,0,0,0,3833,100,44,98,54,42.24,7931,23380,942,0,0.00,0.00,0.85,18.31,6.52,1.11,18.26,6.53,3.25,3.27,5.26,0.00,17.92,17.76
1970-01-01,00:00:58.58807,ERR,ErrD,0,0,0,3855,100,51,98,0,42.26,6919,23380,1097,0,0.00,0.00,0.85,18.19,6.52,1.11,18.26,6.55,3.25,3.27,5.26,0.00,17.87,17.70
1970-01-01,00:00:59.59007,ERR,ErrD,0,0,0,3877,100,50,98,0,42.22,6315,23380,1260,0,0.00,0.00,0.86,18.37,6.52,1.49,18.47,6.53,3.26,3.26,5.27,0.00,17.84,17.71
1970-01-01,00:00:59.59207,ERR,ErrD,0,0,0,3899,100,50,100,0,42.22,7901,23380,1416,0,0.00,0.00,0.86,18.36,6.52,1.49,18.47,6.54,3.26,3.26,5.27,0.00,17.83,17.73
1970-01-01,00:00:59.59407,ERR,ErrD,0,0,0,3921,100,100,100,0,42.23,6426,20630,1588,0,0.00,0.00,0.85,18.29,6.52,1.13,18.62,6.52,3.26,3.26,5.26,0.00,17.92,17.59
1970-01-01,00:00:59.59607,ERR,ErrD,0,0,0,3943,100,100,100,0,42.23,7917,20630,1752,0,0.00,0.00,0.85,18.27,6.52,1.13,18.62,6.56,3.26,3.26,5.26,0.00,17.74,17.74
1970-01-01,00:00:59.59807,ERR,ErrD,0,0,0,3965,100,100,100,36,42.19,7919,20630,1703,0,0.00,0.00,0.85,18.33,6.52,1.13,18.62,6.55,3.25,3.27,5.27,0.00,18.11,17.62
1970-01-01,00:01:00.60007,ERR,ErrD,0,0,0,3987,100,100,100,36,42.21,7783,20630,1539,0,0.00,0.00,0.86,18.27,6.52,1.12,18.78,6.55,3.25,3.27,5.26,0.00,17.97,17.80
1970-01-01,00:01:00.60207,ERR,ErrD,0,0,0,4008,100,0,100,90,42.17,7812,13700,1383,0,0.00,0.00,0.86,18.30,6.52,1.12,18.78,6.50,3.25,3.27,5.26,0.00,17.90,17.81
1970-01-01,00:01:00.60407,ERR,ErrD,0,0,0,4030,100,59,98,90,42.21,5696,21327,1211,0,0.00,0.00,0.87,18.27,6.52,1.29,18.96,6.52,3.25,3.27,5.26,0.00,17.92,17.91
1970-01-01,00:01:00.60607,ERR,ErrD,0,0,0,4052,100,59,98,90,42.23,7783,21327,1047,0,0.00,0.00,0.87,18.28,6.52,1.29,18.96,6.55,3.25,3.27,5.26,0.00,17.90,17.76
1970-01-01,00:01:00.60807,ERR,ErrD,0,0,0,4074,100,58,98,90,42.19,7678,21327,884,0,0.00,0.00,0.87,18.25,6.52,1.29,18.96,6.54,3.25,3.27,5.26,0.00,17.79,17.72
1970-01-01,00:01:01.61007,ERR,ErrD,0,0,0,4096,100,27,98,90,42.21,4079,22620,721,0,0.00,0.00,0.85,18.28,6.52,1.12,19.12,6.54,3.25,3.27,5.26,0.00,17.95,17.71
1970-01-01,00:01:01.61207,ERR,ErrD,0,0,0,4118,100,29,100,0,42.20,7662,13700,557,0,0.00,0.00,0.85,18.29,6.52,1.12,19.12,6.54,3.25,3.27,5.26,0.00,17.51,17.75
1970-01-01,00:01:01.61407,ERR,ErrD,0,0,0,4140,100,27,100,0,42.20,7670,14009,393,0,0.00,0.00,0.86,18.30,6.52,1.11,19.27,6.55,3.25,3.27,5.26,0.00,17.92,17.56
1970-01-01,00:01:01.61607,ERR,ErrD,0,0,0,4162,100,0,100,0,42.22,7664,17574,229,0,0.00,0.00,0.86,18.22,6.52,1.11,19.27,6.52,3.25,3.27,5.27,0.00,17.99,17.72
1970-01-01,00:01:01.61807,ERR,ErrD,0,0,0,4184,100,0,100,0,42.23,7667,17574,272,0,0.00,0.00,0.86,18.34,6.52,1.11,19.27,6.52,3.25,3.27,5.26,0.00,18.08,17.84
1970-01-01,00:01:02.62007,ERR,ErrD,0,0,0,4205,100,28,100,0,42.19,8904,13700,426,0,0.00,0.00,0.86,18.29,6.52,1.29,19.45,6.52,3.25,3.27,5.26,0.00,17.77,17.75
1970-01-01,00:01:02.62207,ERR,ErrD,0,0,0,4227,100,29,100,0,42.20,7664,10338,598,0,0.00,0.00,0.86,18.36,6.52,1.29,19.45,6.54,3.25,3.27,5.26,0.00,17.84,17.72
1970-01-01,00:01:02.62408,ERR,ErrD,0,0,0,4249,100,28,100,0,42.20,5322,12711,762,0,0.00,0.00,0.85,18.25,6.52,1.11,19.60,6.52,3.25,3.27,5.26,0.00,17.79,17.64
1970-01-01,00:01:02.62607,ERR,ErrD,0,0,0,4271,100,0,100,0,42.17,7546,17918,926,0,0.00,0.00,0.85,18.28,6.53,1.11,19.60,6.55,3.25,3.28,5.27,0.00,17.95,17.80
1970-01-01,00:01:02.62807,ERR,ErrD,0,0,0,4293,100,100,100,0,42.18,6065,20736,1088,0,0.00,0.00,0.85,18.28,6.53,1.11,19.60,6.51,3.25,3.28,5.26,0.00,17.95,17.80
1970-01-01,00:01:03.63008,ERR,ErrD,0,0,0,4315,100,28,100,0,42.16,7546,13700,1252,0,0.00,0.00,0.84,18.24,6.53,1.17,19.77,6.53,3.25,3.28,5.26,0.00,17.85,17.73
1970-01-01,00:01:03.63207,ERR,ErrD,0,0,0,4337,100,28,100,0,42.17,4963,13700,1416,0,0.00,0.00,0.84,18.23,6.53,1.17,19.77,6.53,3.25,3.28,5.27,0.00,17.78,17.69
1970-01-01,00:01:03.63408,ERR,ErrD,0,0,0,4359,100,21,100,0,42.14,4963,14222,1580,0,0.00,0.00,0.87,18.32,6.52,1.27,19.94,6.53,3.25,3.27,5.26,0.00,17.91,17.89
1970-01-01,00:01:03.63608,ERR,ErrD,0,0,0,4379,100,0,98,0,42.09,7556,15038,1744,0,0.00,0.00,0.87,18.27,6.52,1.27,19.94,6.51,3.25,3.27,5.26,0.00,17.97,17.89
1970-01-01,00:01:03.63808,ERR,ErrD,0,0,0,4401,100,27,98,0,42.10,8910,13700,1703,0,0.00,0.00,0.87,18.31,6.52,1.27,19.94,6.54,3.25,3.27,5.26,0.00,17.73,17.81
1970-01-01,00:01:04.64008,ERR,ErrD,0,0,0,4423,100,26,98,0,42.10,6198,13700,1547,0,0.00,0.00,0.87,18.29,6.51,1.11,20.10,6.53,3.25,3.26,5.26,0.00,17.83,17.95
1970-01-01,00:01:04.64208,ERR,ErrD,0,0,0,4445,100,0,98,0,42.09,8587,18159,1383,0,0.00,0.00,0.87,18.31,6.51,1.11,20.10,6.52,3.25,3.26,5.27,0.00,18.11,17.72
1970-01-01,00:01:04.64410,ERR,ErrD,0,0,0,4467,100,0,100,0,42.11,8884,18159,1219,0,0.00,0.00,0.85,18.32,6.51,1.10,20.25,6.53,3.25,3.26,5.26,0.00,17.69,17.62
1970-01-01,00:01:04.64610,ERR,ErrD,0,0,0,4489,100,80,100,90,42.10,6622,20392,1056,0,0.00,0.00,0.85,18.24,6.51,1.10,20.25,6.54,3.25,3.26,5.27,0.00,17.89,17.70
1970-01-01,00:01:04.64810,ERR,ErrD,0,0,0,4511,100,0,100,90,42.14,8904,13700,893,0,0.00,0.00,0.85,18.30,6.52,1.10,20.25,6.54,3.25,3.27,5.27,0.00,17.95,17.73
1970-01-01,00:01:05.65010,ERR,ErrD,0,0,0,4533,100,0,100,90,42.16,8900,17007,729,0,0.00,0.00,0.86,18.23,6.52,1.25,20.43,6.54,3.25,3.27,5.27,0.00,18.04,17.79
1970-01-01,00:01:05.65210,ERR,ErrD,0,0,0,4555,100,0,100,90,42.13,8903,17007,565,0,0.00,0.00,0.86,18.32,6.52,1.25,20.43,6.56,3.25,3.27,5.26,0.00,17.83,17.83
1970-01-01,00:01:05.65410,ERR,ErrD,0,0,0,4577,100,0,100,90,42.15,8896,23609,393,0,0.00,0.00,0.86,18.27,6.52,1.25,20.43,6.55,3.25,3.27,5.26,0.00,17.89,17.71
1970-01-01,00:01:05.65610,ERR,ErrD,0,0,0,4599,100,43,100,0,42.16,8899,23609,229,0,0.00,0.00,0.87,18.29,6.52,1.31,20.61,6.55,3.25,3.27,5.26,0.00,17.97,17.71
1970-01-01,00:01:05.65810,ERR,ErrD,0,0,0,4621,100,18,100,0,42.18,8912,14358,262,0,0.00,0.00,0.87,18.27,6.52,1.31,20.61,6.54,3.25,3.27,5.27,0.00,17.93,17.72
1970-01-01,00:01:06.66010,ERR,ErrD,0,0,0,4643,100,0,100,0,42.19,7057,17741,426,0,0.00,0.00,0.85,18.29,6.52,1.10,20.77,6.56,3.25,3.27,5.26,0.00,17.98,17.80
1970-01-01,00:01:06.66210,ERR,ErrD,0,0,0,4664,100,64,100,0,42.17,4197,22768,590,0,0.00,0.00,0.85,18.28,6.52,1.10,20.77,6.54,3.25,3.27,5.27,0.00,17.74,17.71
1970-01-01,00:01:06.66410,ERR,ErrD,0,0,0,4686,100,27,100,0,42.13,8162,10000,754,0,0.00,0.00,0.85,18.32,6.52,1.10,20.77,6.54,3.25,3.27,5.26,0.00,17.87,17.76
1970-01-01,00:01:06.66610,ERR,ErrD,0,0,0,4708,100,28,100,0,42.16,8903,13700,926,0,0.00,0.00,0.85,18.23,6.52,1.10,20.92,6.53,3.25,3.27,5.26,0.00,17.89,17.67
1970-01-01,00:01:06.66810,ERR,ErrD,0,0,0,4730,100,0,100,0,42.16,7307,19487,1080,0,0.00,0.00,0.85,18.27,6.53,1.10,20.92,6.53,3.26,3.27,5.26,0.00,17.93,17.79
1970-01-01,00:01:07.67010,ERR,ErrD,0,0,0,4752,100,0,100,0,42.15,8893,19487,1244,0,0.00,0.00,0.87,18.33,6.53,1.29,21.10,6.54,3.26,3.27,5.26,0.00,17.68,17.79
1970-01-01,00:01:07.67210,ERR,ErrD,0,0,0,4774,100,100,100,0,42.17,6068,20953,1416,0,0.00,0.00,0.87,18.35,6.53,1.29,21.10,6.53,3.26,3.27,5.26,0.00,17.83,17.86
1970-01-01,00:01:07.67410,ERR,ErrD,0,0,0,4796,100,100,100,0,42.16,8902,20953,1571,0,0.00,0.00,0.87,18.23,6.53,1.29,21.10,6.55,3.26,3.27,5.26,0.00,17.93,17.79
1970-01-01,00:01:07.67610,ERR,ErrD,0,0,0,4818,100,28,100,0,42.20,8902,13700,1735,0,0.00,0.00,0.86,18.28,6.52,1.11,21.25,6.55,3.25,3.27,5.26,0.00,17.95,17.88
1970-01-01,00:01:07.67810,ERR,ErrD,0,0,0,4840,100,0,100,0,42.17,8172,18537,1719,0,0.00,0.00,0.86,18.31,6.52,1.11,21.25,6.53,3.25,3.27,5.26,0.00,17.93,17.89
1970-01-01,00:01:08.68010,ERR,ErrD,0,0,0,4861,100,71,100,0,42.15,4583,22490,1555,0,0.00,0.00,0.85,18.27,6.52,1.10,21.41,6.53,3.25,3.27,5.26,0.00,18.07,17.69
1970-01-01,00:01:08.68210,ERR,ErrD,0,0,0,4883,100,70,100,0,42.15,4583,22490,1392,0,0.00,0.00,0.85,18.26,6.52,1.10,21.41,6.54,3.25,3.27,5.26,0.00,18.08,17.81
1970-01-01,00:01:08.68410,ERR,ErrD,0,0,0,4905,100,27,100,0,42.14,8912,13700,1219,0,0.00,0.00,0.85,18.35,6.52,1.10,21.41,6.54,3.25,3.27,5.27,0.00,17.96,17.65
1970-01-01,00:01:08.68610,ERR,ErrD,0,0,0,4927,100,0,100,0,42.16,8908,15699,1064,0,0.00,0.00,0.87,18.27,6.52,1.26,21.58,6.55,3.25,3.27,5.26,0.00,17.85,17.74
1970-01-01,00:01:08.68810,ERR,ErrD,0,0,0,4947,100,27,100,0,42.15,8908,10805,901,0,0.00,0.00,0.87,18.26,6.52,1.26,21.58,6.54,3.25,3.27,5.26,0.00,18.01,17.68
1970-01-01,00:01:09.69010,ERR,ErrD,0,0,0,4969,100,56,100,0,42.12,6986,23044,729,0,0.00,0.00,0.85,18.32,6.52,1.13,21.74,6.53,3.25,3.27,5.26,0.00,17.99,17.75
1970-01-01,00:01:09.69210,ERR,ErrD,0,0,0,4991,100,57,100,0,42.16,6986,23044,573,0,0.00,0.00,0.85,18.23,6.52,1.13,21.74,6.54,3.25,3.27,5.26,0.00,17.88,17.65
1970-01-01,00:01:09.69410,ERR,ErrD,0,0,0,5013,100,28,100,0,42.19,8925,13700,410,0,0.00,0.00,0.85,18.36,6.52,1.13,21.74,6.51,3.25,3.27,5.27,0.00,17.73,17.82
1970-01-01,00:01:09.69610,ERR,ErrD,0,0,0,5035,100,0,100,0,42.20,8907,16700,246,0,0.00,0.00,0.86,18.28,6.52,1.10,21.89,6.56,3.25,3.27,5.26,0.00,17.83,17.87
1970-01-01,00:01:09.69810,ERR,ErrD,0,0,0,5056,100,0,100,0,42.27,6689,20257,254,0,0.00,0.00,0.86,18.48,6.52,1.10,21.89,6.49,3.25,3.27,5.26,0.00,17.91,17.84
1970-01-01,00:01:10.70010,ERR,ErrD,0,0,0,5078,100,30,100,0,42.28,8892,10000,426,0,0.00,0.00,0.86,18.55,6.52,1.28,22.07,6.46,3.25,3.27,5.26,0.00,17.98,17.76
1970-01-01,00:01:10.70210,ERR,ErrD,0,0,0,5100,100,30,100,0,42.27,8907,13700,582,0,0.00,0.00,0.86,18.37,6.52,1.28,22.07,6.52,3.25,3.27,5.26,0.00,17.91,17.82
1970-01-01,00:01:10.70410,ERR,ErrD,0,0,0,5122,100,30,100,0,42.31,4094,14000,745,0,0.00,0.00,0.86,18.32,6.52,1.28,22.07,6.53,3.25,3.27,5.26,0.00,17.70,17.75
1970-01-01,00:01:10.70610,ERR,ErrD,0,0,0,5144,100,100,100,0,42.28,5692,21078,909,0,0.00,0.00,0.85,18.29,6.52,1.11,22.22,6.56,3.25,3.27,5.26,0.00,17.96,17.72
1970-01-01,00:01:10.70810,ERR,ErrD,0,0,0,5166,100,79,100,0,42.26,4761,22235,1080,0,0.00,0.00,0.85,18.27,6.52,1.11,22.22,6.54,3.25,3.27,5.26,0.00,18.13,17.67
1970-01-01,00:01:11.71010,ERR,ErrD,0,0,0,5188,100,79,100,0,42.29,8900,22235,1236,0,0.00,0.00,0.85,18.29,6.52,1.12,22.38,6.55,3.25,3.27,5.26,0.00,17.90,17.70
1970-01-01,00:01:11.71210,ERR,ErrD,0,0,0,5210,100,30,100,0,42.28,8928,13700,1408,0,0.00,0.00,0.85,18.29,6.53,1.12,22.38,6.52,3.25,3.28,5.26,0.00,17.96,17.67
1970-01-01,00:01:11.71410,ERR,ErrD,0,0,0,5232,100,100,100,0,42.30,5711,21097,1563,0,0.00,0.00,0.85,18.65,6.53,1.12,22.38,6.50,3.25,3.28,5.26,0.00,17.97,17.80
1970-01-01,00:01:11.71610,ERR,ErrD,0,0,0,5254,100,100,100,0,42.29,5711,21097,1728,0,0.00,0.00,0.87,18.39,6.53,1.26,22.56,6.55,3.25,3.28,5.26,0.00,17.86,17.83
1970-01-01,00:01:11.71810,ERR,ErrD,0,0,0,5276,100,100,100,0,42.29,8888,21097,1719,0,0.00,0.00,0.87,18.31,6.53,1.26,22.56,6.53,3.25,3.28,5.26,0.00,17.80,17.64
1970-01-01,00:01:12.72010,ERR,ErrD,0,0,0,5298,100,100,100,0,42.32,8889,21097,1563,0,0.00,0.00,0.86,18.33,6.52,1.14,22.71,6.53,3.25,3.27,5.27,0.00,17.61,17.72
1970-01-01,00:01:12.72210,ERR,ErrD,0,0,0,5320,100,31,100,0,42.31,8899,13700,1399,0,0.00,0.00,0.86,18.30,6.52,1.14,22.71,6.51,3.25,3.27,5.26,0.00,18.07,17.77
1970-01-01,00:01:12.72410,ERR,ErrD,0,0,0,5342,100,0,100,0,42.29,7546,19230,1236,0,0.00,0.00,0.86,18.29,6.52,1.14,22.71,6.55,3.25,3.27,5.26,0.00,17.98,17.80
1970-01-01,00:01:12.72610,ERR,ErrD,0,0,0,5364,100,31,100,0,42.30,8907,10000,1064,0,0.00,0.00,0.86,18.23,6.53,1.12,22.87,6.55,3.26,3.27,5.26,0.00,17.88,17.71
1970-01-01,00:01:12.72810,ERR,ErrD,0,0,0,5386,100,31,100,0,42.31,5454,12508,909,0,0.00,0.00,0.86,18.34,6.53,1.12,22.87,6.53,3.26,3.27,5.26,0.00,17.83,17.77
1970-01-01,00:01:13.73010,ERR,ErrD,0,0,0,5408,100,31,100,0,42.33,8961,13700,745,0,0.00,0.00,0.85,18.28,6.53,1.62,23.10,6.53,3.26,3.27,5.27,0.00,17.81,17.75
1970-01-01,00:01:13.73210,ERR,ErrD,0,0,0,5430,100,100,100,0,42.34,6069,20648,582,0,0.00,0.00,0.85,18.15,6.53,1.62,23.10,6.52,3.26,3.27,5.27,0.00,18.07,17.73
1970-01-01,00:01:13.73410,ERR,ErrD,0,0,0,5452,100,100,100,0,42.31,6069,20648,410,0,0.00,0.00,0.85,18.28,6.53,1.62,23.10,6.56,3.25,3.28,5.27,0.00,17.90,17.62
1970-01-01,00:01:13.73610,ERR,ErrD,0,0,0,5474,100,100,100,0,42.33,6066,20648,246,0,0.00,0.00,0.84,18.32,6.53,1.11,23.25,6.56,3.25,3.28,5.26,0.00,17.81,17.75
1970-01-01,00:01:13.73810,ERR,ErrD,0,0,0,5496,100,100,100,45,42.36,4077,20648,246,0,0.00,0.00,0.84,18.26,6.53,1.11,23.25,6.53,3.25,3.28,5.27,0.00,18.08,17.82
1970-01-01,00:01:14.74010,ERR,ErrD,0,0,0,5517,99,32,100,45,42.36,8903,13700,410,0,0.00,0.00,0.85,18.33,6.53,1.12,23.41,6.54,3.25,3.28,5.26,0.00,18.11,17.73
1970-01-01,00:01:14.74210,ERR,ErrD,0,0,0,5538,98,0,100,45,42.38,8902,16054,573,0,0.00,0.00,0.85,18.36,6.52,1.12,23.41,6.52,3.25,3.27,5.26,0.00,18.11,17.72
1970-01-01,00:01:14.74410,ERR,ErrD,0,0,0,5560,98,0,100,45,42.37,8902,18078,737,0,0.00,0.00,0.85,18.30,6.52,1.12,23.41,6.54,3.25,3.27,5.26,0.00,17.99,17.75
1970-01-01,00:01:14.74610,ERR,ErrD,0,0,0,5582,98,0,100,45,42.37,8901,18078,909,0,0.00,0.00,0.86,18.33,6.52,1.23,23.58,6.53,3.25,3.27,5.26,0.00,17.93,17.74
1970-01-01,00:01:14.74810,ERR,ErrD,0,0,0,5604,99,32,100,0,42.40,8904,13700,1064,0,0.00,0.00,0.86,18.33,6.52,1.23,23.58,6.52,3.25,3.27,5.26,0.00,17.83,17.73
1970-01-01,00:01:15.75010,ERR,ErrD,0,0,0,5626,100,0,100,0,42.39,8542,18139,1227,0,0.00,0.00,0.86,18.37,6.52,1.13,23.74,6.57,3.25,3.27,5.26,0.00,17.72,17.76
1970-01-01,00:01:15.75210,ERR,ErrD,0,0,0,5648,100,65,100,0,42.37,4094,22884,1399,0,0.00,0.00,0.86,18.30,6.52,1.13,23.74,6.54,3.25,3.27,5.26,0.00,17.71,17.74
1970-01-01,00:01:15.75410,ERR,ErrD,0,0,0,5670,100,65,100,0,42.38,8906,22884,1563,0,0.00,0.00,0.86,18.25,6.52,1.13,23.74,6.52,3.25,3.27,5.26,0.00,17.47,17.90
1970-01-01,00:01:15.75610,ERR,ErrD,0,0,0,5692,100,65,100,0,42.39,5809,22884,1719,0,0.00,0.00,0.87,18.24,6.53,1.30,23.92,6.54,3.25,3.28,5.26,0.00,17.93,17.79
1970-01-01,00:01:15.75810,ERR,ErrD,0,0,0,5714,100,33,100,0,42.40,8888,13700,1735,0,0.00,0.00,0.87,18.31,6.53,1.30,23.92,6.55,3.25,3.28,5.27,0.00,17.91,17.78
1970-01-01,00:01:16.76019,ERR,ErrD,0,0,0,5715,100,0,100,0,42.40,8888,19032,1728,0,0.00,0.00,0.85,18.31,6.53,1.12,24.09,6.55,3.25,3.28,5.27,0.00,17.91,17.78
1970-01-01,00:01:16.76219,ERR,ErrD,0,0,0,5716,100,32,100,0,42.39,8888,3587,1719,0,0.00,0.00,0.85,18.31,6.52,1.12,24.09,6.55,3.25,3.27,5.27,0.00,17.91,17.78
1970-01-01,00:01:16.76419,ERR,ErrD,0,0,0,5732,100,32,81,0,42.39,8888,10000,1236,0,0.00,0.00,0.85,18.28,6.52,1.12,24.09,6.53,3.25,3.27,5.26,0.00,17.89,17.80
1970-01-01,00:01:16.76619,ERR,ErrD,0,0,0,5754,100,0,81,0,42.39,7794,18965,1072,0,0.00,0.00,0.86,18.25,6.52,1.26,24.27,6.53,3.25,3.27,5.27,0.00,17.89,17.72
1970-01-01,00:01:16.76819,ERR,ErrD,0,0,0,5776,100,0,81,0,42.36,8892,18965,909,0,0.00,0.00,0.86,18.22,6.52,1.26,24.27,6.54,3.25,3.27,5.26,0.00,17.85,17.75
1970-01-01,00:01:17.77021,ERR,ErrD,0,0,0,5798,100,100,81,0,42.38,4686,20521,737,0,0.00,0.00,0.87,18.37,6.52,1.18,24.43,6.50,3.25,3.27,5.26,0.00,17.78,17.58
1970-01-01,00:01:17.77221,ERR,ErrD,0,0,0,5820,100,32,100,0,42.39,8887,13700,582,0,0.00,0.00,0.87,18.32,6.52,1.18,24.43,6.52,3.25,3.27,5.26,0.00,17.81,17.78
1970-01-01,00:01:17.77421,ERR,ErrD,0,0,0,5842,100,0,100,0,42.40,8892,17114,418,0,0.00,0.00,0.87,18.25,6.52,1.18,24.43,6.54,3.25,3.27,5.26,0.00,17.88,17.66
1970-01-01,00:01:17.77621,ERR,ErrD,0,0,0,5863,100,0,100,0,42.42,8892,17958,254,0,0.00,0.00,0.85,18.29,6.52,1.11,24.59,6.54,3.25,3.27,5.27,0.00,17.67,17.81
1970-01-01,00:01:17.77821,ERR,ErrD,0,0,0,5885,100,33,100,0,42.43,8901,10000,254,0,0.00,0.00,0.85,18.24,6.52,1.11,24.59,6.54,3.25,3.27,5.26,0.00,17.76,17.83
1970-01-01,00:01:18.78023,ERR,ErrD,0,0,0,5907,100,33,100,0,42.44,8956,13700,418,0,0.00,0.00,0.86,18.24,6.52,1.26,24.76,6.56,3.25,3.27,5.27,0.00,17.79,17.68
1970-01-01,00:01:18.78223,ERR,ErrD,0,0,0,5929,100,0,100,0,42.47,7624,19023,573,0,0.00,0.00,0.86,18.26,6.52,1.26,24.76,6.55,3.25,3.27,5.26,0.00,18.00,17.80
1970-01-01,00:01:18.78423,ERR,ErrD,0,0,0,5951,100,0,100,0,42.46,7624,19023,745,0,0.00,0.00,0.86,18.42,6.53,1.26,24.76,6.52,3.25,3.28,5.26,0.00,17.92,17.70
1970-01-01,00:01:18.78623,ERR,ErrD,0,0,0,5973,100,0,100,0,42.51,8910,19023,909,0,0.00,0.00,0.85,18.27,6.53,1.12,24.92,6.55,3.25,3.28,5.26,0.00,17.62,17.85
1970-01-01,00:01:18.78823,ERR,ErrD,0,0,0,5995,100,0,100,0,42.50,8903,19023,1064,0,0.00,0.00,0.85,18.40,6.53,1.12,24.92,6.55,3.25,3.28,5.26,0.00,17.84,17.67
1970-01-01,00:01:19.79025,ERR,ErrD,0,0,0,6017,100,34,100,0,42.50,8902,13700,1227,0,0.00,0.00,0.86,18.29,6.53,1.13,25.08,6.52,3.25,3.28,5.26,0.00,17.80,17.85
1970-01-01,00:01:19.79225,ERR,ErrD,0,0,0,6037,100,0,98,0,42.52,8904,17493,1399,0,0.00,0.00,0.86,18.33,6.53,1.13,25.08,6.53,3.25,3.28,5.26,0.00,17.89,17.69
1970-01-01,00:01:19.79425,ERR,ErrD,0,0,0,6059,100,0,98,0,42.50,8894,17493,1563,0,0.00,0.00,0.86,18.33,6.53,1.13,25.08,6.53,3.25,3.28,5.27,0.00,17.93,17.73
1970-01-01,00:01:19.79625,ERR,ErrD,0,0,0,6081,100,0,98,0,42.51,5144,17493,1728,0,0.00,0.00,0.87,18.33,6.53,1.24,25.25,6.52,3.25,3.28,5.27,0.00,17.84,17.74
1970-01-01,00:01:19.79825,ERR,ErrD,0,0,0,6103,100,35,98,0,42.52,4456,13700,1728,0,0.00,0.00,0.87,18.30,6.53,1.24,25.25,6.54,3.25,3.28,5.26,0.00,17.87,17.77
1970-01-01,00:01:20.80027,ERR,ErrD,0,0,0,6125,100,0,100,0,42.50,4456,18987,1563,0,0.00,0.00,0.86,18.36,6.53,1.14,25.41,6.55,3.25,3.28,5.26,0.00,18.01,17.75
1970-01-01,00:01:20.80227,ERR,ErrD,0,0,0,6147,100,0,100,0,42.51,8903,18987,1399,0,0.00,0.00,0.86,18.31,6.53,1.14,25.41,6.54,3.25,3.28,5.27,0.00,17.98,17.81
1970-01-01,00:01:20.80427,ERR,ErrD,0,0,0,6169,100,100,100,0,42.49,5329,21468,1236,0,0.00,0.00,0.86,18.30,6.53,1.14,25.41,6.53,3.25,3.28,5.26,0.00,17.95,17.75
1970-01-01,00:01:20.80627,ERR,ErrD,0,0,0,6190,100,100,100,0,42.46,5329,21468,1080,0,0.00,0.00,0.85,18.32,6.52,1.11,25.56,6.55,3.25,3.27,5.26,0.00,17.81,17.78
1970-01-01,00:01:20.80827,ERR,ErrD,0,0,0,6212,100,34,100,0,42.47,8906,13700,909,0,0.00,0.00,0.85,18.35,6.52,1.11,25.56,6.53,3.25,3.27,5.26,0.00,17.82,17.71
1970-01-01,00:01:21.81027,ERR,ErrD,0,0,0,6234,100,0,100,0,42.46,8902,16262,745,0,0.00,0.00,0.85,18.30,6.52,1.11,25.56,6.54,3.25,3.27,5.26,0.00,17.68,17.73
1970-01-01,00:01:21.81227,ERR,ErrD,0,0,0,6256,100,100,100,0,42.44,6069,20645,582,0,0.00,0.00,0.85,18.32,6.52,1.10,25.72,6.52,3.25,3.27,5.27,0.00,17.56,17.74
1970-01-01,00:01:21.81427,ERR,ErrD,0,0,0,6278,100,100,100,0,42.45,8771,20645,418,0,0.00,0.00,0.85,18.26,6.52,1.10,25.72,6.53,3.25,3.27,5.26,0.00,17.99,17.89
1970-01-01,00:01:21.81627,ERR,ErrD,0,0,0,6300,100,33,100,0,42.43,8965,13700,254,0,0.00,0.00,0.86,18.21,6.52,1.14,25.88,6.53,3.25,3.27,5.26,0.00,17.63,17.73
1970-01-01,00:01:21.81827,ERR,ErrD,0,0,0,6322,100,0,100,0,42.47,8793,16442,246,0,0.00,0.00,0.86,18.31,6.52,1.14,25.88,6.55,3.25,3.27,5.26,0.00,17.81,17.76
1970-01-01,00:01:22.82027,ERR,ErrD,0,0,0,6344,100,0,100,0,42.45,4472,16442,410,0,0.00,0.00,0.86,18.31,6.52,1.14,25.88,6.52,3.24,3.28,5.27,0.00,17.74,17.70
1970-01-01,00:01:22.82227,ERR,ErrD,0,0,0,6366,100,0,100,0,42.43,7395,19417,573,0,0.00,0.00,0.86,18.29,6.52,1.22,26.05,6.54,3.24,3.28,5.26,0.00,17.88,17.77
1970-01-01,00:01:22.82427,ERR,ErrD,0,0,0,6387,100,0,100,0,42.43,6684,20107,729,0,0.00,0.00,0.86,18.20,6.52,1.22,26.05,6.52,3.24,3.28,5.26,0.00,17.76,17.76
1970-01-01,00:01:22.82627,ERR,ErrD,0,0,0,6409,100,33,100,0,42.41,8663,13700,901,0,0.00,0.00,0.84,18.28,6.52,1.45,26.25,6.54,3.24,3.28,5.26,0.00,17.92,17.80
1970-01-01,00:01:22.82827,ERR,ErrD,0,0,0,6431,100,33,100,0,42.40,5007,13700,1064,0,0.00,0.00,0.84,18.23,6.52,1.45,26.25,6.54,3.25,3.27,5.27,0.00,17.77,17.70
1970-01-01,00:01:23.83027,ERR,ErrD,0,0,0,6453,100,100,100,0,42.41,6066,20766,1227,0,0.00,0.00,0.84,18.24,6.52,1.45,26.25,6.51,3.25,3.27,5.26,0.00,17.77,17.82
1970-01-01,00:01:23.83227,ERR,ErrD,0,0,0,6475,100,100,100,0,42.39,8770,20766,1392,0,0.00,0.00,0.86,18.29,6.52,1.13,26.41,6.53,3.25,3.27,5.27,0.00,17.72,17.67
1970-01-01,00:01:23.83427,ERR,ErrD,0,0,0,6497,100,74,100,0,42.40,4438,22589,1555,0,0.00,0.00,0.86,18.32,6.52,1.13,26.41,6.55,3.25,3.27,5.26,0.00,17.90,17.65
1970-01-01,00:01:23.83627,ERR,ErrD,0,0,0,6519,100,33,100,0,42.41,8677,13700,1719,0,0.00,0.00,0.88,18.36,6.52,1.31,26.59,6.53,3.26,3.26,5.27,0.00,17.87,17.76
1970-01-01,00:01:23.83827,ERR,ErrD,0,0,0,6541,100,0,100,0,42.39,7051,19754,1735,0,0.00,0.00,0.88,18.25,6.52,1.31,26.59,6.54,3.26,3.26,5.27,0.00,17.92,17.74
1970-01-01,00:01:24.84027,ERR,ErrD,0,0,0,6563,100,0,100,0,42.40,8532,19754,1571,0,0.00,0.00,0.88,18.30,6.52,1.31,26.59,6.54,3.26,3.26,5.27,0.00,17.97,17.75
1970-01-01,00:01:24.84227,ERR,ErrD,0,0,0,6584,100,0,100,0,42.42,7306,19777,1408,0,0.00,0.00,0.86,18.50,6.52,1.14,26.75,6.54,3.25,3.27,5.26,0.00,17.88,17.59
1970-01-01,00:01:24.84427,ERR,ErrD,0,0,0,6606,100,33,100,0,42.40,8650,13700,1244,0,0.00,0.00,0.86,18.35,6.52,1.14,26.75,6.55,3.25,3.27,5.26,0.00,17.94,17.72
1970-01-01,00:01:24.84627,ERR,ErrD,0,0,0,6628,100,0,100,0,42.41,8665,16727,1080,0,0.00,0.00,0.85,18.27,6.52,1.10,26.90,6.52,3.25,3.27,5.26,0.00,17.98,17.84
1970-01-01,00:01:24.84827,ERR,ErrD,0,0,0,6650,100,0,100,0,42.39,4824,16727,917,0,0.00,0.00,0.85,18.28,6.52,1.10,26.90,6.54,3.25,3.27,5.26,0.00,18.09,17.84
1970-01-01,00:01:25.85027,ERR,ErrD,0,0,0,6672,100,100,100,0,42.37,5872,21289,754,0,0.00,0.00,0.85,18.27,6.52,1.10,26.90,6.53,3.25,3.27,5.26,0.00,18.00,17.78
1970-01-01,00:01:25.85227,ERR,ErrD,0,0,0,6694,100,100,100,0,42.38,5872,21289,582,0,0.00,0.00,0.86,18.28,6.52,1.30,27.08,6.53,3.25,3.27,5.26,0.00,17.86,17.81
1970-01-01,00:01:25.85427,ERR,ErrD,0,0,0,6716,100,32,100,0,42.38,8530,13700,426,0,0.00,0.00,0.86,18.38,6.52,1.30,27.08,6.53,3.25,3.27,5.26,0.00,18.02,17.79
1970-01-01,00:01:25.85627,ERR,ErrD,0,0,0,6738,100,0,100,0,42.40,8408,17868,262,0,0.00,0.00,0.85,18.26,6.52,1.13,27.24,6.53,3.25,3.27,5.26,0.00,17.81,17.79
1970-01-01,00:01:25.85827,ERR,ErrD,0,0,0,6760,100,0,100,54,42.40,7183,19642,229,0,0.00,0.00,0.85,18.25,6.52,1.13,27.24,6.56,3.25,3.27,5.26,0.00,17.99,17.76
1970-01-01,00:01:26.86027,ERR,ErrD,0,0,0,6781,100,0,98,54,42.40,7183,19642,401,0,0.00,0.00,0.85,18.33,6.52,1.13,27.24,6.53,3.26,3.26,5.26,0.00,17.95,17.76
1970-01-01,00:01:26.86227,ERR,ErrD,0,0,0,6803,100,27,98,54,42.41,8410,13700,565,0,0.00,0.00,0.85,18.21,6.52,1.11,27.39,6.54,3.26,3.26,5.26,0.00,17.96,17.76
1970-01-01,00:01:26.86427,ERR,ErrD,0,0,0,6825,100,0,98,54,42.39,8421,16797,729,0,0.00,0.00,0.85,18.25,6.52,1.11,27.39,6.53,3.26,3.26,5.27,0.00,18.02,17.69
1970-01-01,00:01:26.86627,ERR,ErrD,0,0,0,6847,100,0,98,54,42.37,8409,16797,893,0,0.00,0.00,0.86,18.35,6.52,1.27,27.57,6.53,3.25,3.27,5.27,0.00,17.87,17.70
1970-01-01,00:01:26.86827,ERR,ErrD,0,0,0,6869,100,0,100,0,42.38,7918,18729,1056,0,0.00,0.00,0.86,18.31,6.52,1.27,27.57,6.54,3.25,3.27,5.26,0.00,17.88,17.72
1970-01-01,00:01:27.87027,ERR,ErrD,0,0,0,6891,100,32,100,0,42.36,8304,10000,1227,0,0.00,0.00,0.86,18.34,6.52,1.27,27.57,6.52,3.25,3.27,5.27,0.00,17.96,17.72
1970-01-01,00:01:27.87227,ERR,ErrD,0,0,0,6913,100,32,100,0,42.37,8289,13700,1383,0,0.00,0.00,0.86,18.20,6.52,1.13,27.73,6.53,3.25,3.27,5.26,0.00,18.01,17.85
1970-01-01,00:01:27.87427,ERR,ErrD,0,0,0,6935,100,0,100,0,42.38,8280,18061,1547,0,0.00,0.00,0.86,18.36,6.52,1.13,27.73,6.53,3.25,3.27,5.26,0.00,17.84,17.69
1970-01-01,00:01:27.87627,ERR,ErrD,0,0,0,6957,100,100,100,0,42.36,6304,20489,1712,0,0.00,0.00,0.85,18.29,6.52,1.14,27.89,6.54,3.25,3.27,5.26,0.00,17.83,17.82
1970-01-01,00:01:27.87827,ERR,ErrD,0,0,0,6978,100,100,100,36,42.35,6304,20489,1744,0,0.00,0.00,0.85,18.24,6.52,1.14,27.89,6.55,3.25,3.27,5.26,0.00,17.93,17.86
1970-01-01,00:01:28.88027,ERR,ErrD,0,0,0,7000,100,32,100,36,42.36,8291,13700,1580,0,0.00,0.00,0.85,18.45,6.52,1.14,27.89,6.53,3.25,3.27,5.26,0.00,17.96,17.61
1970-01-01,00:01:28.88227,ERR,ErrD,0,0,0,7022,100,0,100,36,42.37,7186,19461,1416,0,0.00,0.00,0.87,18.21,6.52,1.27,28.06,6.53,3.25,3.27,5.26,0.00,17.92,17.71
1970-01-01,00:01:28.88427,ERR,ErrD,0,0,0,7044,100,0,100,36,42.38,8157,19461,1252,0,0.00,0.00,0.87,18.23,6.52,1.27,28.06,6.52,3.25,3.27,5.26,0.00,17.85,17.76
1970-01-01,00:01:28.88627,ERR,ErrD,0,0,0,7066,100,100,100,36,42.37,5698,21088,1097,0,0.00,0.00,0.86,18.24,6.52,1.11,28.22,6.52,3.25,3.27,5.26,0.00,18.11,17.75
1970-01-01,00:01:28.88827,ERR,ErrD,0,0,0,7088,100,100,98,0,42.38,5698,21088,926,0,0.00,0.00,0.86,18.37,6.52,1.11,28.22,6.54,3.25,3.27,5.26,0.00,17.77,17.83
1970-01-01,00:01:29.89027,ERR,ErrD,0,0,0,7110,100,33,98,0,42.41,8905,13700,762,0,0.00,0.00,0.86,18.32,6.52,1.11,28.22,6.54,3.25,3.27,5.26,0.00,18.04,17.74
1970-01-01,00:01:29.89227,ERR,ErrD,0,0,0,7132,100,32,98,0,42.39,8157,13912,598,0,0.00,0.00,0.86,18.29,6.52,1.13,28.37,6.54,3.25,3.27,5.27,0.00,17.88,17.87
1970-01-01,00:01:29.89427,ERR,ErrD,0,0,0,7154,100,0,98,0,42.37,8157,18175,434,0,0.00,0.00,0.86,18.34,6.52,1.13,28.37,6.54,3.25,3.27,5.26,0.00,17.76,17.70
1970-01-01,00:01:29.89627,ERR,ErrD,0,0,0,7172,100,31,98,0,42.35,8036,10410,272,0,0.00,0.00,0.86,18.30,6.53,1.24,28.55,6.54,3.25,3.28,5.27,0.00,17.88,17.89
1970-01-01,00:01:29.89827,ERR,ErrD,0,0,0,7194,100,32,98,0,42.35,8039,10000,238,0,0.00,0.00,0.86,18.34,6.53,1.24,28.55,6.54,3.25,3.28,5.26,0.00,17.99,17.72
1970-01-01,00:01:30.90027,ERR,ErrD,0,0,0,7216,100,32,98,0,42.36,8037,13700,393,0,0.00,0.00,0.86,18.27,6.53,1.24,28.55,6.56,3.25,3.28,5.27,0.00,17.91,17.66
1970-01-01,00:01:30.90227,ERR,ErrD,0,0,0,7238,100,97,98,0,42.35,5196,21571,557,0,0.00,0.00,0.86,18.33,6.53,1.13,28.70,6.54,3.25,3.28,5.27,0.00,17.97,17.72
1970-01-01,00:01:30.90427,ERR,ErrD,0,0,0,7260,100,97,100,0,42.34,8048,21571,712,0,0.00,0.00,0.86,18.31,6.52,1.13,28.70,6.53,3.25,3.27,5.26,0.00,17.98,17.72
1970-01-01,00:01:30.90627,ERR,ErrD,0,0,0,7282,100,98,100,0,42.35,7173,21571,884,0,0.00,0.00,0.85,18.38,6.52,1.15,28.86,6.53,3.25,3.27,5.26,0.00,17.93,17.75
1970-01-01,00:01:30.90827,ERR,ErrD,0,0,0,7304,100,31,100,0,42.35,8047,13700,1047,0,0.00,0.00,0.85,18.32,6.52,1.15,28.86,6.52,3.25,3.27,5.26,0.00,17.75,17.64
1970-01-01,00:01:31.91027,ERR,ErrD,0,0,0,7326,100,0,100,0,42.33,8038,18196,1211,0,0.00,0.00,0.85,18.32,6.52,1.15,28.86,6.53,3.25,3.27,5.26,0.00,17.86,17.82
1970-01-01,00:01:31.91227,ERR,ErrD,0,0,0,7348,100,0,100,0,42.34,8037,18196,1376,0,0.00,0.00,0.86,18.32,6.52,1.28,29.04,6.56,3.25,3.27,5.26,0.00,17.95,17.71
1970-01-01,00:01:31.91427,ERR,ErrD,0,0,0,7369,100,79,100,0,42.31,4704,22288,1531,0,0.00,0.00,0.86,18.27,6.52,1.28,29.04,6.53,3.25,3.27,5.26,0.00,17.92,17.71
1970-01-01,00:01:31.91627,ERR,ErrD,0,0,0,7391,100,54,98,0,42.34,7917,23279,1703,0,0.00,0.00,0.86,18.23,6.52,1.13,29.20,6.55,3.25,3.27,5.26,0.00,17.95,17.76
1970-01-01,00:01:31.91827,ERR,ErrD,0,0,0,7413,100,31,98,0,42.34,7903,13700,1752,0,0.00,0.00,0.86,18.28,6.53,1.13,29.20,6.55,3.25,3.28,5.27,0.00,17.88,17.82
1970-01-01,00:01:32.92027,ERR,ErrD,0,0,0,7435,100,0,98,0,42.33,7898,17114,1588,0,0.00,0.00,0.86,18.30,6.53,1.13,29.20,6.55,3.25,3.28,5.26,0.00,17.95,17.62
1970-01-01,00:01:32.92227,ERR,ErrD,0,0,0,7457,100,41,98,0,42.34,7908,23802,1424,0,0.00,0.00,0.85,18.32,6.53,1.12,29.35,6.56,3.25,3.28,5.26,0.00,17.91,17.69
1970-01-01,00:01:32.92427,ERR,ErrD,0,0,0,7479,100,41,100,0,42.33,7795,23802,1260,0,0.00,0.00,0.85,18.30,6.53,1.12,29.35,6.56,3.25,3.28,5.27,0.00,17.95,17.81
1970-01-01,00:01:32.92627,ERR,ErrD,0,0,0,7501,100,32,100,0,42.35,9039,13700,1097,0,0.00,0.00,0.86,18.38,6.53,1.25,29.53,6.54,3.25,3.28,5.26,0.00,17.76,17.71
1970-01-01,00:01:32.92827,ERR,ErrD,0,0,0,7523,100,0,100,0,42.36,7811,16265,934,0,0.00,0.00,0.86,18.28,6.53,1.25,29.53,6.54,3.25,3.28,5.26,0.00,17.99,17.71
1970-01-01,00:01:33.93027,ERR,ErrD,0,0,0,7545,100,0,100,0,42.35,7795,16843,770,0,0.00,0.00,0.86,18.32,6.53,1.25,29.53,6.53,3.25,3.28,5.26,0.00,18.21,17.70
1970-01-01,00:01:33.93227,ERR,ErrD,0,0,0,7567,100,0,100,0,42.33,6803,20245,598,0,0.00,0.00,0.87,18.27,6.52,1.12,29.68,6.53,3.25,3.27,5.26,0.00,17.78,17.74
1970-01-01,00:01:33.93427,ERR,ErrD,0,0,0,7589,100,0,100,0,42.35,6185,20245,443,0,0.00,0.00,0.87,18.29,6.52,1.12,29.68,6.52,3.25,3.27,5.26,0.00,17.94,17.74
1970-01-01,00:01:33.93627,ERR,ErrD,0,0,0,7611,100,31,100,0,42.35,7778,13700,279,0,0.00,0.00,0.85,18.34,6.52,1.14,29.84,6.56,3.25,3.27,5.26,0.00,17.84,17.63
1970-01-01,00:01:33.93827,ERR,ErrD,0,0,0,7633,100,0,100,0,42.33,7783,17894,221,0,0.00,0.00,0.85,18.30,6.52,1.14,29.84,6.54,3.25,3.27,5.27,0.00,17.73,17.80
1970-01-01,00:01:34.94027,ERR,ErrD,0,0,0,7655,100,0,100,0,42.34,8888,17894,385,0,0.00,0.00,0.85,18.30,6.52,1.14,29.84,6.51,3.25,3.27,5.26,0.00,17.73,17.85
1970-01-01,00:01:34.94227,ERR,ErrD,0,0,0,7677,100,31,100,0,42.32,7640,10325,549,0,0.00,0.00,0.88,18.26,6.52,1.32,30.02,6.55,3.25,3.27,5.26,0.00,17.91,17.74
1970-01-01,00:01:34.94427,ERR,ErrD,0,0,0,7699,100,21,100,0,42.33,7662,14373,712,0,0.00,0.00,0.88,18.24,6.52,1.32,30.02,6.56,3.25,3.27,5.27,0.00,17.82,17.73
1970-01-01,00:01:34.94627,ERR,ErrD,0,0,0,7721,100,31,100,0,42.31,5575,13700,876,0,0.00,0.00,0.86,18.35,6.52,1.13,30.18,6.54,3.25,3.27,5.26,0.00,18.05,17.68
1970-01-01,00:01:34.94827,ERR,ErrD,0,0,0,7741,100,30,98,0,42.28,7782,11593,1040,0,0.00,0.00,0.86,18.25,6.52,1.13,30.18,6.52,3.25,3.27,5.26,0.00,18.03,17.74
1970-01-01,00:01:35.95027,ERR,ErrD,0,0,0,7763,100,79,98,0,42.29,4723,22267,1211,0,0.00,0.00,0.86,18.40,6.52,1.13,30.18,6.51,3.25,3.27,5.27,0.00,17.76,17.77
1970-01-01,00:01:35.95227,ERR,ErrD,0,0,0,7785,100,79,98,0,42.29,4723,22267,1367,0,0.00,0.00,0.85,18.27,6.52,1.12,30.34,6.53,3.25,3.27,5.26,0.00,17.93,17.79
1970-01-01,00:01:35.95427,ERR,ErrD,0,0,0,7807,100,30,98,0,42.28,7664,13700,1531,0,0.00,0.00,0.85,18.25,6.53,1.12,30.34,6.53,3.25,3.28,5.26,0.00,17.59,17.65
1970-01-01,00:01:35.95627,ERR,ErrD,0,0,0,7829,100,0,100,0,42.29,7540,17377,1696,0,0.00,0.00,0.87,18.29,6.53,1.31,30.52,6.54,3.25,3.28,5.27,0.00,17.77,17.71
1970-01-01,00:01:35.95827,ERR,ErrD,0,0,0,7851,100,0,100,0,42.27,7541,18126,1760,0,0.00,0.00,0.87,18.29,6.53,1.31,30.52,6.54,3.25,3.28,5.26,0.00,17.86,17.76
1970-01-01,00:01:36.96027,ERR,ErrD,0,0,0,7873,100,0,100,0,42.31,6985,19915,1596,0,0.00,0.00,0.87,18.35,6.53,1.31,30.52,6.53,3.25,3.28,5.26,0.00,17.73,17.70
1970-01-01,00:01:36.96227,ERR,ErrD,0,0,0,7895,100,0,100,0,42.32,7545,19915,1432,0,0.00,0.00,0.86,18.33,6.52,1.14,30.68,6.55,3.25,3.27,5.27,0.00,17.76,17.65
1970-01-01,00:01:36.96427,ERR,ErrD,0,0,0,7917,100,31,100,0,42.30,7545,13700,1269,0,0.00,0.00,0.86,18.31,6.52,1.14,30.68,6.54,3.25,3.27,5.27,0.00,17.79,17.80
1970-01-01,00:01:36.96627,ERR,ErrD,0,0,0,7939,100,0,100,0,42.31,6445,20237,1105,0,0.00,0.00,0.85,18.28,6.52,1.13,30.84,6.54,3.25,3.27,5.26,0.00,18.19,17.81
1970-01-01,00:01:36.96827,ERR,ErrD,0,0,0,7961,100,94,100,0,42.32,5252,21697,934,0,0.00,0.00,0.85,18.23,6.52,1.13,30.84,6.55,3.25,3.27,5.26,0.00,18.02,17.83
1970-01-01,00:01:37.97027,ERR,ErrD,0,0,0,7983,100,94,100,0,42.33,4574,21697,778,0,0.00,0.00,0.85,18.25,6.53,1.13,30.84,6.52,3.25,3.28,5.26,0.00,18.08,17.73
1970-01-01,00:01:37.97227,ERR,ErrD,0,0,0,8005,100,31,100,0,42.34,8901,13700,615,0,0.00,0.00,0.86,18.32,6.53,1.28,31.01,6.54,3.25,3.28,5.26,0.00,17.89,17.86
1970-01-01,00:01:37.97427,ERR,ErrD,0,0,0,8027,100,100,100,0,42.32,5320,21400,451,0,0.00,0.00,0.86,18.30,6.53,1.28,31.01,6.47,3.25,3.28,5.27,0.00,17.73,17.78
1970-01-01,00:01:37.97627,ERR,ErrD,0,0,0,8049,100,100,100,0,42.33,8884,21400,288,0,0.00,0.00,0.87,18.46,6.51,1.14,31.17,6.37,3.24,3.27,5.26,0.00,17.98,17.73
1970-01-01,00:01:37.97827,ERR,ErrD,0,0,0,8071,100,59,100,0,42.36,8888,23112,221,0,0.00,0.00,0.87,18.42,6.51,1.14,31.17,6.54,3.24,3.27,5.26,0.00,17.97,17.70
1970-01-01,00:01:38.98027,ERR,ErrD,0,0,0,8093,100,59,100,0,42.36,4442,23112,377,0,0.00,0.00,0.87,18.35,6.51,1.14,31.17,6.50,3.24,3.27,5.26,0.00,17.69,17.67
1970-01-01,00:01:38.98227,ERR,ErrD,0,0,0,8115,100,32,100,0,42.35,8599,13700,540,0,0.00,0.00,0.86,18.31,6.51,1.13,31.33,6.52,3.24,3.27,5.27,0.00,17.69,17.76
1970-01-01,00:01:38.98427,ERR,ErrD,0,0,0,8137,100,0,100,0,42.35,8908,17721,696,0,0.00,0.00,0.86,18.34,6.51,1.13,31.33,6.53,3.25,3.26,5.26,0.00,18.03,17.74
1970-01-01,00:01:38.98627,ERR,ErrD,0,0,0,8159,100,0,98,0,42.36,8297,18722,868,0,0.00,0.00,0.86,18.34,6.51,1.56,31.55,6.53,3.25,3.26,5.26,0.00,17.73,17.76
1970-01-01,00:01:38.98827,ERR,ErrD,0,0,0,8181,100,0,98,0,42.38,4333,18722,1031,0,0.00,0.00,0.86,18.39,6.51,1.56,31.55,6.55,3.25,3.26,5.26,0.00,17.95,17.76
1970-01-01,00:01:39.99027,ERR,ErrD,0,0,0,8203,100,32,98,0,42.36,8923,13700,1195,0,0.00,0.00,0.86,18.35,6.51,1.56,31.55,6.49,3.24,3.27,5.26,0.00,17.70,17.71
1970-01-01,00:01:39.99227,ERR,ErrD,0,0,0,8225,100,31,98,0,42.35,4095,13895,1360,0,0.00,0.00,0.86,18.37,6.51,1.13,31.70,6.54,3.24,3.27,5.26,0.00,17.92,17.89
1970-01-01,00:01:39.99427,ERR,ErrD,0,0,0,8247,100,56,100,0,42.35,8906,23241,1523,0,0.00,0.00,0.86,18.42,6.51,1.13,31.70,6.52,3.24,3.27,5.26,0.00,17.94,17.73
1970-01-01,00:01:39.99627,ERR,ErrD,0,0,0,8269,100,13,100,90,42.34,5819,23241,1696,0,0.00,0.00,0.85,18.28,6.51,1.14,31.86,6.53,3.24,3.27,5.26,0.00,18.04,17.80
1970-01-01,00:01:39.99827,ERR,ErrD,0,0,0,8291,100,13,100,90,42.35,5200,23241,1768,0,0.00,0.00,0.85,18.28,6.52,1.14,31.86,6.55,3.25,3.27,5.26,0.00,18.02,17.69
1970-01-01,00:01:40.100027,ERR,ErrD,0,0,0,8311,100,0,100,90,42.34,8899,13700,1604,0,0.00,0.00,0.85,18.29,6.52,1.14,31.86,6.52,3.25,3.27,5.27,0.00,18.10,17.77
1970-01-01,00:01:40.100227,ERR,ErrD,0,0,0,8333,100,88,100,90,42.33,6562,20237,1441,0,0.00,0.00,0.86,18.25,6.52,1.26,32.04,6.54,3.25,3.27,5.26,0.00,17.96,17.83
1970-01-01,00:01:40.100427,ERR,ErrD,0,0,0,8355,100,88,100,90,42.32,6562,20237,1277,0,0.00,0.00,0.86,18.24,6.52,1.26,32.04,6.52,3.25,3.27,5.26,0.00,17.99,17.73
1970-01-01,00:01:40.100627,ERR,ErrD,0,0,0,8377,100,0,100,0,42.34,8895,20237,1113,0,0.00,0.00,0.87,18.29,6.52,1.15,32.20,6.53,3.25,3.27,5.26,0.00,18.05,17.82
1970-01-01,00:01:40.100827,ERR,ErrD,0,0,0,8399,100,0,100,0,42.33,8892,20237,950,0,0.00,0.00,0.87,18.28,6.52,1.15,32.20,6.53,3.25,3.27,5.27,0.00,17.73,17.71
1970-01-01,00:01:41.101027,ERR,ErrD,0,0,0,8421,100,0,100,0,42.33,8904,17321,787,0,0.00,0.00,0.87,18.31,6.52,1.15,32.20,6.52,3.25,3.27,5.26,0.00,18.02,17.79
1970-01-01,00:01:41.101227,ERR,ErrD,0,0,0,8442,100,0,100,0,42.34,8532,18020,631,0,0.00,0.00,0.86,18.24,6.52,1.13,32.35,6.54,3.25,3.27,5.26,0.00,17.98,17.83
1970-01-01,00:01:41.101427,ERR,ErrD,0,0,0,8464,100,31,98,0,42.34,8906,10000,459,0,0.00,0.00,0.86,18.27,6.52,1.13,32.35,6.54,3.25,3.27,5.26,0.00,17.65,17.76
1970-01-01,00:01:41.101627,ERR,ErrD,0,0,0,8486,100,32,98,0,42.36,7052,10878,295,0,0.00,0.00,0.86,18.33,6.52,1.26,32.53,6.52,3.25,3.27,5.26,0.00,17.88,17.69
1970-01-01,00:01:41.101827,ERR,ErrD,0,0,0,8508,100,31,98,45,42.35,8896,13700,205,0,0.00,0.00,0.86,18.32,6.52,1.26,32.53,6.52,3.25,3.27,5.26,0.00,18.16,17.69
1970-01-01,00:01:42.102027,ERR,ErrD,0,0,0,8530,100,100,98,45,42.33,6424,20381,368,0,0.00,0.00,0.86,18.25,6.52,1.26,32.53,6.54,3.25,3.27,5.26,0.00,17.95,17.84
1970-01-01,00:01:42.102227,ERR,ErrD,0,0,0,8552,100,100,100,45,42.33,6424,20381,532,0,0.00,0.00,0.87,18.33,6.52,1.12,32.69,6.53,3.25,3.27,5.26,0.00,17.98,17.74
1970-01-01,00:01:42.102427,ERR,ErrD,0,0,0,8574,100,100,100,45,42.33,6061,20381,704,0,0.00,0.00,0.87,18.25,6.52,1.12,32.69,6.55,3.25,3.27,5.26,0.00,18.01,17.70
1970-01-01,00:01:42.102627,ERR,ErrD,0,0,0,8596,100,100,100,45,42.33,7407,20381,860,0,0.00,0.00,0.87,18.22,6.52,1.15,32.85,6.52,3.25,3.27,5.26,0.00,18.08,17.73
1970-01-01,00:01:42.102827,ERR,ErrD,0,0,0,8618,100,31,100,0,42.32,8905,13700,1024,0,0.00,0.00,0.87,18.35,6.52,1.15,32.85,6.53,3.26,3.26,5.27,0.00,17.93,17.83
1970-01-01,00:01:43.103027,ERR,ErrD,0,0,0,8639,100,0,100,0,42.30,7176,19838,1179,0,0.00,0.00,0.87,18.30,6.52,1.15,32.85,6.55,3.26,3.26,5.26,0.00,17.80,17.70
1970-01-01,00:01:43.103227,ERR,ErrD,0,0,0,8661,100,47,100,0,42.30,8910,23555,1351,0,0.00,0.00,0.86,18.25,6.52,1.24,33.02,6.54,3.26,3.26,5.26,0.00,17.95,17.74
1970-01-01,00:01:43.103427,ERR,ErrD,0,0,0,8683,100,47,100,0,42.30,4961,23555,1515,0,0.00,0.00,0.86,18.29,6.52,1.24,33.02,6.54,3.26,3.26,5.27,0.00,17.97,17.71
1970-01-01,00:01:43.103627,ERR,ErrD,0,0,0,8705,100,30,100,0,42.29,8953,13700,1680,0,0.00,0.00,0.86,18.30,6.53,1.14,33.18,6.53,3.25,3.28,5.26,0.00,17.82,17.82
1970-01-01,00:01:43.103827,ERR,ErrD,0,0,0,8727,100,0,100,0,42.29,8890,16974,1776,0,0.00,0.00,0.86,18.32,6.53,1.14,33.18,6.56,3.25,3.28,5.26,0.00,17.91,17.83
1970-01-01,00:01:44.104027,ERR,ErrD,0,0,0,8749,100,0,100,0,42.28,7429,19461,1613,0,0.00,0.00,0.86,18.34,6.53,1.14,33.18,6.53,3.25,3.28,5.26,0.00,17.94,17.74
1970-01-01,00:01:44.104227,ERR,ErrD,0,0,0,8771,100,0,100,0,42.29,5948,19461,1449,0,0.00,0.00,0.86,18.34,6.53,1.11,33.33,6.51,3.25,3.28,5.26,0.00,17.94,17.78
1970-01-01,00:01:44.104427,ERR,ErrD,0,0,0,8793,100,0,100,0,42.30,4022,19461,1285,0,0.00,0.00,0.86,18.19,6.53,1.11,33.33,6.52,3.25,3.28,5.26,0.00,17.85,17.71
1970-01-01,00:01:44.104627,ERR,ErrD,0,0,0,8815,100,30,100,0,42.28,8912,13700,1121,0,0.00,0.00,0.85,18.18,6.53,1.18,33.49,6.55,3.25,3.28,5.26,0.00,17.86,17.76
1970-01-01,00:01:44.104827,ERR,ErrD,0,0,0,8836,100,0,100,0,42.29,8893,17983,960,0,0.00,0.00,0.85,18.34,6.53,1.18,33.49,6.54,3.25,3.28,5.26,0.00,17.74,17.83
1970-01-01,00:01:45.105027,ERR,ErrD,0,0,0,8858,100,53,100,0,42.29,8896,23290,795,0,0.00,0.00,0.85,18.23,6.53,1.18,33.49,6.56,3.25,3.28,5.26,0.00,18.02,17.78
1970-01-01,00:01:45.105227,ERR,ErrD,0,0,0,8878,100,0,98,0,42.30,8910,15965,631,0,0.00,0.00,0.86,18.40,6.53,1.13,33.65,6.55,3.25,3.28,5.26,0.00,17.91,17.80
1970-01-01,00:01:45.105427,ERR,ErrD,0,0,0,8900,100,31,98,0,42.30,8926,13700,467,0,0.00,0.00,0.86,18.34,6.53,1.13,33.65,6.55,3.25,3.28,5.27,0.00,17.82,17.75
1970-01-01,00:01:45.105627,ERR,ErrD,0,0,0,8922,100,0,98,0,42.29,8276,18530,304,0,0.00,0.00,0.86,18.26,6.53,1.13,33.81,6.53,3.25,3.28,5.26,0.00,18.11,17.82
1970-01-01,00:01:45.105827,ERR,ErrD,0,0,0,8944,100,62,98,0,42.30,4027,22920,205,0,0.00,0.00,0.86,18.45,6.51,1.13,33.81,6.54,3.25,3.26,5.26,0.00,17.89,17.79
1970-01-01,00:01:46.106027,ERR,ErrD,0,0,0,8966,100,63,100,0,42.32,4027,22920,360,0,0.00,0.00,0.86,18.35,6.51,1.13,33.81,6.54,3.25,3.26,5.26,0.00,17.84,17.77
1970-01-01,00:01:46.106227,ERR,ErrD,0,0,0,8988,100,63,100,0,42.31,8041,22920,524,0,0.00,0.00,0.86,18.27,6.51,1.32,33.99,6.54,3.25,3.26,5.26,0.00,17.93,17.79
1970-01-01,00:01:46.106427,ERR,ErrD,0,0,0,9010,100,30,100,0,42.30,8904,13700,688,0,0.00,0.00,0.86,18.26,6.51,1.32,33.99,6.55,3.25,3.26,5.26,0.00,17.81,17.71
1970-01-01,00:01:46.106627,ERR,ErrD,0,0,0,9031,100,0,100,0,42.31,7920,19085,851,0,0.00,0.00,0.87,18.31,6.51,1.13,34.15,6.52,3.24,3.27,5.26,0.00,17.92,17.78
1970-01-01,00:01:46.106827,ERR,ErrD,0,0,0,9053,100,0,100,0,42.30,7441,19629,1015,0,0.00,0.00,0.87,18.22,6.51,1.13,34.15,6.54,3.24,3.27,5.27,0.00,18.08,17.76
1970-01-01,00:01:47.107027,ERR,ErrD,0,0,0,9075,100,0,100,0,42.30,8896,19629,1179,0,0.00,0.00,0.87,18.17,6.51,1.13,34.15,6.52,3.24,3.27,5.26,0.00,17.90,17.74
1970-01-01,00:01:47.107227,ERR,ErrD,0,0,0,9097,100,0,100,0,42.29,8161,19629,1344,0,0.00,0.00,0.86,18.28,6.51,1.12,34.30,6.54,3.25,3.26,5.26,0.00,18.07,17.82
1970-01-01,00:01:47.107427,ERR,ErrD,0,0,0,9119,100,30,100,0,42.27,8893,13700,1507,0,0.00,0.00,0.86,18.21,6.51,1.12,34.30,6.55,3.25,3.26,5.26,0.00,17.94,17.80
1970-01-01,00:01:47.107627,ERR,ErrD,0,0,0,9141,100,100,100,0,42.28,6309,20596,1680,0,0.00,0.00,0.86,18.37,6.51,1.31,34.49,6.56,3.25,3.26,5.26,0.00,17.77,17.76
1970-01-01,00:01:47.107827,ERR,ErrD,0,0,0,9163,100,100,100,0,42.28,8906,20596,1785,0,0.00,0.00,0.86,18.35,6.51,1.31,34.49,6.47,3.25,3.26,5.26,0.00,17.76,17.73
1970-01-01,00:01:48.108027,ERR,ErrD,0,0,0,9185,100,98,100,0,42.28,5304,21483,1621,0,0.00,0.00,0.86,18.29,6.52,1.31,34.49,6.50,3.25,3.27,5.27,0.00,17.73,17.80
1970-01-01,00:01:48.108227,ERR,ErrD,0,0,0,9207,100,30,100,0,42.28,8910,13700,1457,0,0.00,0.00,0.86,18.42,6.52,1.14,34.65,6.55,3.25,3.27,5.26,0.00,17.85,17.78
1970-01-01,00:01:48.108427,ERR,ErrD,0,0,0,9228,100,75,100,0,42.27,4574,22402,1293,0,0.00,0.00,0.86,18.33,6.52,1.14,34.65,6.53,3.25,3.27,5.26,0.00,18.01,17.71
1970-01-01,00:01:48.108627,ERR,ErrD,0,0,0,9250,100,75,100,0,42.28,4574,22402,1130,0,0.00,0.00,0.86,18.31,6.52,1.13,34.80,6.54,3.25,3.27,5.26,0.00,18.11,17.76
1970-01-01,00:01:48.108827,ERR,ErrD,0,0,0,9272,100,75,100,0,42.29,4574,22402,967,0,0.00,0.00,0.86,18.28,6.52,1.13,34.80,6.52,3.25,3.27,5.26,0.00,18.00,17.74
1970-01-01,00:01:49.109027,ERR,ErrD,0,0,0,9294,100,75,100,0,42.27,6619,22402,803,0,0.00,0.00,0.86,18.32,6.52,1.13,34.80,6.54,3.25,3.27,5.26,0.00,17.90,17.72
1970-01-01,00:01:49.109227,ERR,ErrD,0,0,0,9316,100,30,100,0,42.28,8904,13700,640,0,0.00,0.00,0.86,18.32,6.52,1.29,34.98,6.55,3.25,3.27,5.26,0.00,17.94,17.67
1970-01-01,00:01:49.109427,ERR,ErrD,0,0,0,9338,100,62,100,0,42.29,4099,22936,467,0,0.00,0.00,0.86,18.29,6.52,1.29,34.98,6.52,3.25,3.27,5.26,0.00,17.86,17.85
1970-01-01,00:01:49.109627,ERR,ErrD,0,0,0,9360,100,62,100,0,42.30,4099,22936,311,0,0.00,0.00,0.86,18.30,6.52,1.13,35.14,6.55,3.25,3.27,5.26,0.00,17.83,17.80
1970-01-01,00:01:49.109827,ERR,ErrD,0,0,0,9382,100,63,100,0,42.30,6197,22936,188,0,0.00,0.00,0.86,18.30,6.52,1.13,35.14,6.52,3.25,3.27,5.27,0.00,17.88,17.71
1970-01-01,00:01:50.110027,ERR,ErrD,0,0,0,9404,100,30,100,0,42.29,8958,13700,352,0,0.00,0.00,0.86,18.32,6.51,1.13,35.14,6.53,3.24,3.27,5.26,0.00,18.07,17.73
1970-01-01,00:01:50.110227,ERR,ErrD,0,0,0,9425,100,0,100,0,42.26,8047,18750,516,0,0.00,0.00,0.86,18.37,6.51,1.12,35.30,6.54,3.24,3.27,5.26,0.00,17.97,17.81
1970-01-01,00:01:50.110427,ERR,ErrD,0,0,0,9447,100,30,100,0,42.27,8896,10000,688,0,0.00,0.00,0.86,18.26,6.51,1.12,35.30,6.52,3.24,3.27,5.26,0.00,17.95,17.89
1970-01-01,00:01:50.110627,ERR,ErrD,0,0,0,9469,100,0,100,0,42.26,8912,17086,843,0,0.00,0.00,0.85,18.42,6.51,1.11,35.45,6.51,3.24,3.27,5.27,0.00,18.00,17.81
1970-01-01,00:01:50.110827,ERR,ErrD,0,0,0,9491,100,0,100,0,42.26,4227,17086,1008,0,0.00,0.00,0.85,18.36,6.53,1.11,35.45,6.55,3.26,3.27,5.26,0.00,17.84,17.74
1970-01-01,00:01:51.111027,ERR,ErrD,0,0,0,9513,100,30,100,0,42.26,8906,13700,1163,0,0.00,0.00,0.85,18.35,6.53,1.11,35.45,6.53,3.26,3.27,5.26,0.00,17.94,17.70
1970-01-01,00:01:51.111227,ERR,ErrD,0,0,0,9535,100,84,98,108,42.24,7433,19627,1335,0,0.00,0.00,0.87,18.24,6.53,1.29,35.63,6.56,3.26,3.27,5.26,0.00,17.65,17.76
1970-01-01,00:01:51.111427,ERR,ErrD,0,0,0,9557,100,85,98,108,42.26,5198,19627,1498,0,0.00,0.00,0.87,18.32,6.53,1.29,35.63,6.52,3.26,3.27,5.26,0.00,17.75,17.71
1970-01-01,00:01:51.111627,ERR,ErrD,0,0,0,9579,100,84,98,108,42.25,7066,19627,1662,0,0.00,0.00,0.85,18.29,6.52,1.14,35.79,6.54,3.25,3.27,5.26,0.00,17.96,17.80
1970-01-01,00:01:51.111827,ERR,ErrD,0,0,0,9601,100,0,98,108,42.24,8966,13700,1793,0,0.00,0.00,0.85,18.33,6.52,1.14,35.79,6.55,3.25,3.27,5.27,0.00,17.95,17.87
1970-01-01,00:01:52.112027,ERR,ErrD,0,0,0,9622,100,100,100,108,42.23,8795,18254,1629,0,0.00,0.00,0.85,18.32,6.52,1.14,35.79,6.54,3.25,3.27,5.26,0.00,17.77,17.69
1970-01-01,00:01:52.112227,ERR,ErrD,0,0,0,9644,100,35,100,0,42.21,8910,23989,1457,0,0.00,0.00,0.86,18.34,6.52,1.14,35.95,6.54,3.25,3.27,5.26,0.00,17.93,17.82
1970-01-01,00:01:52.112427,ERR,ErrD,0,0,0,9666,100,35,100,0,42.22,8887,23989,1302,0,0.00,0.00,0.86,18.24,6.52,1.14,35.95,6.52,3.25,3.27,5.27,0.00,17.72,17.74
1970-01-01,00:01:52.112627,ERR,ErrD,0,0,0,9688,100,35,100,0,42.23,8909,23989,1138,0,0.00,0.00,0.87,18.30,6.52,1.30,36.13,6.52,3.25,3.27,5.26,0.00,17.82,17.70
1970-01-01,00:01:52.112827,ERR,ErrD,0,0,0,9710,100,29,100,0,42.23,8900,13700,976,0,0.00,0.00,0.87,18.29,6.52,1.30,36.13,6.54,3.25,3.27,5.26,0.00,17.98,17.74
1970-01-01,00:01:53.113027,ERR,ErrD,0,0,0,9732,100,29,100,0,42.23,8902,10000,811,0,0.00,0.00,0.87,18.32,6.51,1.30,36.13,6.53,3.26,3.25,5.26,0.00,17.94,17.77
1970-01-01,00:01:53.113227,ERR,ErrD,0,0,0,9754,100,29,100,0,42.25,6944,11081,647,0,0.00,0.00,0.86,18.32,6.51,1.14,36.29,6.51,3.26,3.25,5.26,0.00,17.88,17.67
1970-01-01,00:01:53.113427,ERR,ErrD,0,0,0,9776,100,0,100,0,42.24,8535,18114,483,0,0.00,0.00,0.86,18.33,6.51,1.14,36.29,6.54,3.26,3.25,5.26,0.00,17.91,17.79
1970-01-01,00:01:53.113627,ERR,ErrD,0,0,0,9798,100,0,100,0,42.26,7599,18997,320,0,0.00,0.00,0.86,18.42,6.51,1.12,36.44,6.54,3.26,3.25,5.26,0.00,17.85,17.81
1970-01-01,00:01:53.113827,ERR,ErrD,0,0,0,9819,100,30,100,0,42.28,6679,13700,172,0,0.00,0.00,0.86,18.29,6.52,1.12,36.44,6.54,3.25,3.27,5.26,0.00,17.95,17.84
1970-01-01,00:01:54.114027,ERR,ErrD,0,0,0,9841,100,100,98,54,42.27,6379,20638,344,0,0.00,0.00,0.86,18.28,6.52,1.12,36.44,6.53,3.25,3.27,5.26,0.00,17.81,17.72
1970-01-01,00:01:54.114227,ERR,ErrD,0,0,0,9863,100,100,98,54,42.29,7173,20638,507,0,0.00,0.00,0.87,18.24,6.52,1.28,36.62,6.53,3.25,3.27,5.27,0.00,17.75,17.76
1970-01-01,00:01:54.114427,ERR,ErrD,0,0,0,9885,100,100,98,54,42.28,4217,20638,672,0,0.00,0.00,0.87,18.32,6.52,1.28,36.62,6.53,3.25,3.27,5.26,0.00,17.97,17.70
1970-01-01,00:01:54.114627,ERR,ErrD,0,0,0,9907,100,24,98,54,42.26,8889,13700,835,0,0.00,0.00,0.86,18.32,6.53,1.12,36.78,6.53,3.26,3.27,5.26,0.00,17.87,17.78
1970-01-01,00:01:54.114827,ERR,ErrD,0,0,0,9929,100,58,98,72,42.26,5009,22142,999,0,0.00,0.00,0.86,18.32,6.53,1.12,36.78,6.54,3.26,3.27,5.26,0.00,18.01,17.82
1970-01-01,00:01:55.115027,ERR,ErrD,0,0,0,9951,100,58,98,72,42.28,8777,22142,1171,0,0.00,0.00,0.86,18.27,6.53,1.12,36.78,6.52,3.26,3.27,5.27,0.00,17.91,17.92
1970-01-01,00:01:55.115227,ERR,ErrD,0,0,0,9973,100,58,98,72,42.28,8769,22142,1326,0,0.00,0.00,0.86,18.30,6.52,1.14,36.93,6.53,3.25,3.27,5.26,0.00,18.11,17.76
1970-01-01,00:01:55.115427,ERR,ErrD,0,0,0,9995,100,58,98,72,42.27,8665,22142,1490,0,0.00,0.00,0.86,18.31,6.52,1.14,36.93,6.52,3.25,3.27,5.26,0.00,17.85,17.71
1970-01-01,00:01:55.115627,ERR,ErrD,0,0,0,10015,100,5,96,72,42.25,8649,13700,1662,0,0.00,0.00,0.86,18.27,6.52,1.27,37.11,6.54,3.25,3.27,5.27,0.00,18.09,17.72
1970-01-01,00:01:55.115827,ERR,ErrD,0,0,0,10037,100,0,98,0,42.26,8765,15296,1801,0,0.00,0.00,0.86,18.34,6.52,1.27,37.11,6.53,3.25,3.27,5.26,0.00,17.95,17.70
1970-01-01,00:01:56.116027,ERR,ErrD,0,0,0,10059,100,0,98,40,42.26,4710,15296,1637,0,0.00,0.00,0.86,18.26,6.52,1.27,37.11,6.54,3.25,3.27,5.26,0.00,17.88,17.75
1970-01-01,00:01:56.116227,ERR,ErrD,0,0,0,10081,100,92,98,40,42.25,5071,21698,1474,0,0.00,0.00,0.86,18.30,6.52,1.11,37.27,6.55,3.25,3.27,5.26,0.00,18.03,17.85
1970-01-01,00:01:56.116427,ERR,ErrD,0,0,0,10103,100,13,98,64,42.23,8892,13700,1310,0,0.00,0.00,0.86,18.28,6.52,1.11,37.27,6.53,3.25,3.27,5.26,0.00,18.15,17.85
1970-01-01,00:01:56.116627,ERR,ErrD,0,0,0,10125,100,100,98,64,42.22,7347,20027,1146,0,0.00,0.00,0.85,18.31,6.53,1.14,37.42,6.54,3.25,3.28,5.26,0.00,17.77,17.70
1970-01-01,00:01:56.116827,ERR,ErrD,0,0,0,10147,100,100,98,64,42.23,8649,20027,983,0,0.00,0.00,0.85,18.27,6.53,1.14,37.42,6.54,3.25,3.28,5.26,0.00,17.61,17.62
1970-01-01,00:01:57.117027,ERR,ErrD,0,0,0,10169,100,100,98,64,42.24,8540,20027,819,0,0.00,0.00,0.85,18.26,6.53,1.14,37.42,6.53,3.25,3.28,5.27,0.00,17.95,17.68
1970-01-01,00:01:57.117227,ERR,ErrD,0,0,0,10191,100,0,98,45,42.22,8654,20027,656,0,0.00,0.00,0.86,18.29,6.53,1.24,37.60,6.55,3.25,3.28,5.26,0.00,17.78,17.80
1970-01-01,00:01:57.117427,ERR,ErrD,0,0,0,10213,100,29,100,0,42.23,8528,13700,483,0,0.00,0.00,0.86,18.19,6.53,1.24,37.60,6.54,3.25,3.28,5.27,0.00,17.89,17.78
1970-01-01,00:01:57.117627,ERR,ErrD,0,0,0,10235,100,29,100,0,42.25,6328,13700,327,0,0.00,0.00,0.86,18.29,6.53,1.12,37.75,6.54,3.25,3.28,5.26,0.00,18.03,17.72
1970-01-01,00:01:57.117827,ERR,ErrD,0,0,0,10257,100,0,100,0,42.25,8534,15672,172,0,0.00,0.00,0.86,18.39,6.53,1.12,37.75,6.53,3.25,3.28,5.26,0.00,17.92,17.89
1970-01-01,00:01:58.118032,ERR,ErrD,0,0,0,10258,100,30,100,0,42.26,8534,13033,180,0,0.00,0.00,0.86,18.39,6.53,1.12,37.75,6.53,3.25,3.28,5.26,0.00,17.92,17.89
1970-01-01,00:01:58.118283,ERR,ErrD,0,0,0,10259,100,30,100,0,42.26,8534,10000,188,0,0.00,0.00,0.85,18.39,6.53,1.11,37.96,6.54,3.25,3.28,5.26,0.00,17.92,17.89
1970-01-01,00:01:58.118483,ERR,ErrD,0,0,0,10281,100,0,81,0,42.24,8897,17035,712,0,0.00,0.00,0.85,18.31,6.53,1.11,37.96,6.54,3.25,3.28,5.26,0.00,18.09,17.78
1970-01-01,00:01:58.118683,ERR,ErrD,0,0,0,10303,100,29,81,0,42.25,8915,13700,876,0,0.00,0.00,0.85,18.22,6.53,1.11,37.96,6.53,3.25,3.28,5.26,0.00,17.91,17.85
1970-01-01,00:01:58.118883,ERR,ErrD,0,0,0,10325,100,0,81,0,42.26,8423,17038,1040,0,0.00,0.00,0.86,18.37,6.52,1.22,38.13,6.54,3.25,3.27,5.26,0.00,18.11,17.90
1970-01-01,00:01:59.119083,ERR,ErrD,0,0,0,10347,100,0,81,0,42.24,8279,18800,1203,0,0.00,0.00,0.86,18.37,6.52,1.22,38.13,6.54,3.25,3.27,5.26,0.00,18.07,17.79
1970-01-01,00:01:59.119283,ERR,ErrD,0,0,0,10369,100,0,100,0,42.25,6608,18800,1367,0,0.00,0.00,0.86,18.33,6.52,1.22,38.13,6.55,3.25,3.27,5.26,0.00,17.94,17.66
1970-01-01,00:01:59.119483,ERR,ErrD,0,0,0,10391,100,100,100,0,42.24,5572,21262,1531,0,0.00,0.00,0.86,18.29,6.52,1.13,38.29,6.51,3.25,3.27,5.27,0.00,18.06,17.90
1970-01-01,00:01:59.119683,ERR,ErrD,0,0,0,10413,100,30,100,0,42.25,8283,13700,1687,0,0.00,0.00,0.86,18.29,6.52,1.13,38.29,6.55,3.25,3.27,5.26,0.00,18.08,17.88
1970-01-01,00:01:59.119883,ERR,ErrD,0,0,0,10435,100,100,100,0,42.27,5456,21243,1760,0,0.00,0.00,0.86,18.32,6.52,1.14,38.45,6.54,3.25,3.27,5.26,0.00,17.98,17.72
1970-01-01,00:02:00.120083,ERR,ErrD,0,0,0,10457,100,86,100,0,42.26,5456,21962,1596,0,0.00,0.00,0.86,18.29,6.52,1.14,38.45,6.53,3.25,3.27,5.27,0.00,17.82,17.76
1970-01-01,00:02:00.120283,ERR,ErrD,0,0,0,10479,100,42,100,91,42.25,8292,21962,1432,0,0.00,0.00,0.86,18.39,6.53,1.14,38.45,6.53,3.25,3.28,5.26,0.00,17.89,17.72
1970-01-01,00:02:00.120483,ERR,ErrD,0,0,0,10501,100,0,100,91,42.27,8953,13700,1269,0,0.00,0.00,0.86,18.32,6.53,1.24,38.62,6.52,3.25,3.28,5.26,0.00,17.93,17.80
1970-01-01,00:02:00.120683,ERR,ErrD,0,0,0,10521,100,0,98,91,42.26,8282,13741,1113,0,0.00,0.00,0.86,18.33,6.53,1.24,38.62,6.55,3.25,3.28,5.26,0.00,17.65,17.78
1970-01-01,00:02:00.120883,ERR,ErrD,0,0,0,10543,100,0,96,91,42.27,6201,18034,942,0,0.00,0.00,0.86,18.29,6.53,1.14,38.78,6.57,3.25,3.28,5.27,0.00,17.93,17.65
1970-01-01,00:02:01.121083,ERR,ErrD,0,0,0,10565,100,0,96,91,42.26,4170,18034,778,0,0.00,0.00,0.86,18.26,6.52,1.14,38.78,6.55,3.26,3.26,5.26,0.00,17.87,17.80
1970-01-01,00:02:01.121283,ERR,ErrD,0,0,0,10587,100,0,96,0,42.25,4170,18034,615,0,0.00,0.00,0.86,18.32,6.52,1.14,38.78,6.54,3.26,3.26,5.26,0.00,17.85,17.87
1970-01-01,00:02:01.121483,ERR,ErrD,0,0,0,10609,100,30,98,0,42.27,8288,13700,459,0,0.00,0.00,0.85,18.24,6.52,1.13,38.94,6.53,3.26,3.26,5.26,0.00,17.94,17.67
1970-01-01,00:02:01.121683,ERR,ErrD,0,0,0,10630,100,0,100,0,42.25,7546,19519,288,0,0.00,0.00,0.85,18.23,6.52,1.13,38.94,6.53,3.25,3.27,5.26,0.00,17.98,17.75
1970-01-01,00:02:01.121883,ERR,ErrD,0,0,0,10652,100,0,100,0,42.25,7546,19844,213,0,0.00,0.00,0.85,18.32,6.52,1.21,39.11,6.54,3.25,3.27,5.26,0.00,18.41,17.86
1970-01-01,00:02:02.122083,ERR,ErrD,0,0,0,10674,100,0,100,0,42.26,8157,19844,377,0,0.00,0.00,0.85,18.42,6.52,1.21,39.11,6.53,3.25,3.27,5.27,0.00,17.91,17.73
1970-01-01,00:02:02.122283,ERR,ErrD,0,0,0,10696,100,0,100,0,42.25,8159,19844,540,0,0.00,0.00,0.85,18.29,6.52,1.21,39.11,6.53,3.25,3.27,5.27,0.00,17.86,17.74
1970-01-01,00:02:02.122483,ERR,ErrD,0,0,0,10718,100,30,100,0,42.27,8155,13700,696,0,0.00,0.00,0.85,18.31,6.52,1.13,39.26,6.53,3.25,3.27,5.26,0.00,17.80,17.72
1970-01-01,00:02:02.122683,ERR,ErrD,0,0,0,10740,100,55,100,0,42.28,8157,23191,868,0,0.00,0.00,0.85,18.31,6.52,1.13,39.26,6.53,3.25,3.27,5.26,0.00,17.93,17.70
1970-01-01,00:02:02.122883,ERR,ErrD,0,0,0,10762,100,55,100,0,42.27,4586,23191,1031,0,0.00,0.00,0.85,18.33,6.52,1.13,39.42,6.54,3.25,3.27,5.26,0.00,18.11,17.75
1970-01-01,00:02:03.123083,ERR,ErrD,0,0,0,10784,100,55,100,0,42.28,8043,23191,1195,0,0.00,0.00,0.85,18.24,6.52,1.13,39.42,6.54,3.25,3.27,5.26,0.00,18.10,17.76
1970-01-01,00:02:03.123283,ERR,ErrD,0,0,0,10806,100,30,100,0,42.28,8036,13700,1360,0,0.00,0.00,0.85,18.42,6.52,1.13,39.42,6.56,3.25,3.27,5.26,0.00,17.74,17.73
1970-01-01,00:02:03.123483,ERR,ErrD,0,0,0,10827,100,0,100,0,42.26,6981,20028,1515,0,0.00,0.00,0.88,18.25,6.52,1.29,39.60,6.58,3.25,3.27,5.27,0.00,17.86,17.75
1970-01-01,00:02:03.123683,ERR,ErrD,0,0,0,10849,100,0,100,0,42.28,6981,20028,1687,0,0.00,0.00,0.88,18.45,6.52,1.29,39.60,6.52,3.25,3.27,5.26,0.00,17.99,17.85
1970-01-01,00:02:03.123883,ERR,ErrD,0,0,0,10871,100,0,100,0,42.27,8036,20028,1768,0,0.00,0.00,0.86,18.32,6.52,2.39,39.93,6.55,3.25,3.27,5.26,0.00,17.80,17.69
1970-01-01,00:02:04.124083,ERR,ErrD,0,0,0,10893,100,0,100,0,42.26,8036,20028,1604,0,0.00,0.00,0.86,18.32,6.52,2.39,39.93,6.53,3.25,3.27,5.27,0.00,17.86,17.70
1970-01-01,00:02:04.124283,ERR,ErrD,0,0,0,10915,100,30,98,0,42.27,8035,13700,1449,0,0.00,0.00,0.86,18.37,6.52,2.39,39.93,6.53,3.25,3.27,5.26,0.00,17.80,17.73
1970-01-01,00:02:04.124483,ERR,ErrD,0,0,0,10937,100,100,98,57,42.26,6443,20484,1277,0,0.00,0.00,0.85,18.28,6.52,1.11,40.09,6.53,3.25,3.27,5.26,0.00,17.91,17.66
1970-01-01,00:02:04.124683,ERR,ErrD,0,0,0,10959,100,100,98,57,42.26,8905,20484,1113,0,0.00,0.00,0.85,18.40,6.52,1.11,40.09,6.55,3.25,3.27,5.26,0.00,17.85,17.76
1970-01-01,00:02:04.124883,ERR,ErrD,0,0,0,10981,100,100,98,57,42.25,4470,20484,960,0,0.00,0.00,0.87,18.27,6.52,1.31,40.27,6.55,3.25,3.27,5.26,0.00,18.01,17.91
1970-01-01,00:02:05.125083,ERR,ErrD,0,0,0,11003,100,21,98,57,42.25,7921,13700,787,0,0.00,0.00,0.87,18.33,6.52,1.31,40.27,6.56,3.25,3.27,5.26,0.00,17.68,17.85
1970-01-01,00:02:05.125283,ERR,ErrD,0,0,0,11024,100,0,100,0,42.25,6746,20216,631,0,0.00,0.00,0.87,18.36,6.51,1.31,40.27,6.55,3.25,3.26,5.26,0.00,18.07,17.81
1970-01-01,00:02:05.125483,ERR,ErrD,0,0,0,11046,100,0,100,0,42.25,6746,20216,459,0,0.00,0.00,0.86,18.30,6.51,1.12,40.43,6.54,3.25,3.26,5.26,0.00,17.82,17.75
1970-01-01,00:02:05.125683,ERR,ErrD,0,0,0,11068,100,100,100,64,42.24,7798,20216,295,0,0.00,0.00,0.86,18.33,6.51,1.12,40.43,6.53,3.25,3.26,5.26,0.00,17.86,17.69
1970-01-01,00:02:05.125883,ERR,ErrD,0,0,0,11089,99,13,100,64,42.25,7799,10198,205,0,0.00,0.00,0.86,18.34,6.51,1.12,40.58,6.54,3.25,3.26,5.26,0.00,17.94,17.79
1970-01-01,00:02:06.126083,ERR,ErrD,0,0,0,11111,99,14,100,64,42.26,7786,13700,360,0,0.00,0.00,0.86,18.26,6.53,1.12,40.58,6.52,3.25,3.28,5.26,0.00,17.81,17.80
1970-01-01,00:02:06.126283,ERR,ErrD,0,0,0,11133,99,92,100,64,42.24,5933,21054,532,0,0.00,0.00,0.86,18.34,6.53,1.12,40.58,6.54,3.25,3.28,5.26,0.00,17.84,17.84
1970-01-01,00:02:06.126483,ERR,ErrD,0,0,0,11155,99,100,100,0,42.25,7780,21054,696,0,0.00,0.00,0.86,18.27,6.53,1.27,40.76,6.55,3.25,3.28,5.26,0.00,17.86,17.60
1970-01-01,00:02:06.126683,ERR,ErrD,0,0,0,11177,100,100,100,0,42.24,7810,21054,860,0,0.00,0.00,0.86,18.28,6.52,1.27,40.76,6.52,3.25,3.27,5.26,0.00,18.20,17.86
1970-01-01,00:02:06.126883,ERR,ErrD,0,0,0,11199,100,100,100,0,42.24,5693,21054,1024,0,0.00,0.00,0.87,18.28,6.52,1.14,40.92,6.54,3.25,3.27,5.26,0.00,18.04,17.79
1970-01-01,00:02:07.127083,ERR,ErrD,0,0,0,11220,100,0,100,0,42.25,7409,19524,1179,0,0.00,0.00,0.87,18.28,6.52,1.14,40.92,6.54,3.25,3.27,5.26,0.00,17.97,17.75
1970-01-01,00:02:07.127283,ERR,ErrD,0,0,0,11242,100,74,100,0,42.24,5871,22412,1351,0,0.00,0.00,0.87,18.25,6.52,1.14,40.92,6.54,3.25,3.27,5.26,0.00,17.76,17.85
1970-01-01,00:02:07.127483,ERR,ErrD,0,0,0,11264,100,75,100,45,42.27,8895,22412,1515,0,0.00,0.00,0.86,18.26,6.52,1.13,41.07,6.54,3.25,3.27,5.27,0.00,17.88,17.82
1970-01-01,00:02:07.127683,ERR,ErrD,0,0,0,11286,100,75,100,45,42.26,6127,22412,1670,0,0.00,0.00,0.86,18.33,6.52,1.13,41.07,6.54,3.25,3.27,5.26,0.00,18.01,17.77
1970-01-01,00:02:07.127883,ERR,ErrD,0,0,0,11308,100,30,100,45,42.26,7662,13700,1776,0,0.00,0.00,0.86,18.42,6.52,1.28,41.25,6.52,3.25,3.27,5.26,0.00,17.87,17.88
1970-01-01,00:02:08.128083,ERR,ErrD,0,0,0,11330,100,0,100,45,42.27,7662,19213,1613,0,0.00,0.00,0.86,18.38,6.52,1.28,41.25,6.53,3.26,3.26,5.26,0.00,17.63,17.82
1970-01-01,00:02:08.128283,ERR,ErrD,0,0,0,11352,100,0,100,45,42.26,5694,19213,1449,0,0.00,0.00,0.86,18.32,6.52,1.28,41.25,6.52,3.26,3.26,5.26,0.00,17.96,17.82
